event_id,particle_id,method,param,eps,fixed_dR,min_samples,candidate_dR,truth_mode,truth_energy,truth_eta,truth_phi,n_event_cells,target_n_hits_total,target_e_cal_total,cluster_n_hits,target_n_hits_in_cluster,contam_n_hits,hit_purity,hit_contamination,hit_efficiency,cluster_e_cal_total,target_e_cal_in_cluster,contam_e_cal,energy_purity,energy_contamination,energy_efficiency,matched,failure_reason,n_candidate_cells,n_clusters,n_noise_candidate_cells,chosen_cluster_label
0,233,dbscan,0.04,0.04,,2.0,0.4,full,32.27399826049805,0.3122902388930224,-1.1670601308641846,664361,823,32.43172092501955,2965.0,821.0,2144.0,0.27689713322091064,0.7231028667790893,0.9975698663426489,71.40431261616868,32.41663241283277,38.98768020333591,0.45398703838922466,0.5460129616107754,0.9995347606677529,True,,3005.0,6.0,4.0,0.0
0,233,dbscan,0.06,0.06,,2.0,0.4,full,32.27399826049805,0.3122902388930224,-1.1670601308641846,664361,823,32.43172092501955,3004.0,821.0,2183.0,0.2733022636484687,0.7266977363515312,0.9975698663426489,71.9162757691538,32.41663241283277,39.49964335632103,0.4507551603045726,0.5492448396954275,0.9995347606677529,True,,3005.0,1.0,1.0,0.0
0,233,dbscan,0.08,0.08,,2.0,0.4,full,32.27399826049805,0.3122902388930224,-1.1670601308641846,664361,823,32.43172092501955,3005.0,821.0,2184.0,0.27321131447587355,0.7267886855241265,0.9975698663426489,71.92680220735383,32.41663241283277,39.51016979452106,0.45068919259583706,0.5493108074041629,0.9995347606677529,True,,3005.0,1.0,0.0,0.0
0,233,dbscan,0.1,0.1,,2.0,0.4,full,32.27399826049805,0.3122902388930224,-1.1670601308641846,664361,823,32.43172092501955,3005.0,821.0,2184.0,0.27321131447587355,0.7267886855241265,0.9975698663426489,71.92680220735383,32.41663241283277,39.51016979452106,0.45068919259583706,0.5493108074041629,0.9995347606677529,True,,3005.0,1.0,0.0,0.0
0,233,fixed_dR,0.05,,0.05,,,full,32.27399826049805,0.3122902388930224,-1.1670601308641846,664361,823,32.43172092501955,817.0,766.0,51.0,0.9375764993880049,0.062423500611995086,0.9307411907654921,32.595940134488046,31.704733931564988,0.8912062029230583,0.9726589814791039,0.0273410185208961,0.9775840759380202,True,,817.0,1.0,,0.0
0,233,fixed_dR,0.08,,0.08,,,full,32.27399826049805,0.3122902388930224,-1.1670601308641846,664361,823,32.43172092501955,914.0,807.0,107.0,0.8829321663019694,0.11706783369803064,0.9805589307411907,34.0974834712415,32.237996782214395,1.8594866890271078,0.9454655740035643,0.054534425996435654,0.9940267078872246,True,,914.0,1.0,,0.0
0,233,fixed_dR,0.1,,0.1,,,full,32.27399826049805,0.3122902388930224,-1.1670601308641846,664361,823,32.43172092501955,934.0,817.0,117.0,0.8747323340471093,0.12526766595289074,0.9927095990279465,34.3622481334296,32.3807448952266,1.981503238203004,0.9423348777848071,0.05766512221519293,0.9984282045991083,True,,934.0,1.0,,0.0
0,233,fixed_dR,0.15,,0.15,,,full,32.27399826049805,0.3122902388930224,-1.1670601308641846,664361,823,32.43172092501955,1050.0,821.0,229.0,0.7819047619047619,0.21809523809523812,0.9975698663426489,36.09132258722639,32.41663241283277,3.674690174393618,0.8981835546338726,0.10181644536612744,0.9995347606677529,True,,1050.0,1.0,,0.0
0,233,fixed_dR,0.2,,0.2,,,full,32.27399826049805,0.3122902388930224,-1.1670601308641846,664361,823,32.43172092501955,1322.0,821.0,501.0,0.6210287443267776,0.37897125567322243,0.9975698663426489,40.97648404313077,32.41663241283277,8.559851630297999,0.7911033162023339,0.20889668379766613,0.9995347606677529,True,,1322.0,1.0,,0.0
0,234,dbscan,0.04,0.04,,2.0,0.4,full,92.30917358398438,0.8987790786317161,1.4989556560756263,664361,1780,92.98402908026327,4165.0,1764.0,2401.0,0.4235294117647059,0.5764705882352941,0.9910112359550561,142.1871078289132,92.79895268973632,49.38815513917689,0.6526537750623408,0.3473462249376592,0.9980095894708199,True,,4435.0,7.0,8.0,0.0
0,234,dbscan,0.06,0.06,,2.0,0.4,full,92.30917358398438,0.8987790786317161,1.4989556560756263,664361,1780,92.98402908026327,4435.0,1764.0,2671.0,0.39774520856820744,0.6022547914317926,0.9910112359550561,147.847459252298,92.79895268973632,55.04850656256167,0.627666874757565,0.372333125242435,0.9980095894708199,True,,4435.0,1.0,0.0,0.0
0,234,dbscan,0.08,0.08,,2.0,0.4,full,92.30917358398438,0.8987790786317161,1.4989556560756263,664361,1780,92.98402908026327,4435.0,1764.0,2671.0,0.39774520856820744,0.6022547914317926,0.9910112359550561,147.847459252298,92.79895268973632,55.04850656256167,0.627666874757565,0.372333125242435,0.9980095894708199,True,,4435.0,1.0,0.0,0.0
0,234,dbscan,0.1,0.1,,2.0,0.4,full,92.30917358398438,0.8987790786317161,1.4989556560756263,664361,1780,92.98402908026327,4435.0,1764.0,2671.0,0.39774520856820744,0.6022547914317926,0.9910112359550561,147.847459252298,92.79895268973632,55.04850656256167,0.627666874757565,0.372333125242435,0.9980095894708199,True,,4435.0,1.0,0.0,0.0
0,234,fixed_dR,0.05,,0.05,,,full,92.30917358398438,0.8987790786317161,1.4989556560756263,664361,1780,92.98402908026327,1744.0,1671.0,73.0,0.9581422018348624,0.04185779816513757,0.9387640449438203,92.24939776909196,91.4299841855609,0.819413583531059,0.9911174099414489,0.008882590058551076,0.9832869697078739,True,,1744.0,1.0,,0.0
0,234,fixed_dR,0.08,,0.08,,,full,92.30917358398438,0.8987790786317161,1.4989556560756263,664361,1780,92.98402908026327,1860.0,1741.0,119.0,0.9360215053763441,0.0639784946236559,0.9780898876404495,93.87826362349188,92.49147660748349,1.386787016008384,0.985227815657411,0.014772184342588979,0.9947028271666459,True,,1860.0,1.0,,0.0
0,234,fixed_dR,0.1,,0.1,,,full,92.30917358398438,0.8987790786317161,1.4989556560756263,664361,1780,92.98402908026327,1935.0,1753.0,182.0,0.9059431524547804,0.09405684754521959,0.9848314606741573,95.14518777791636,92.72480297186121,2.4203848060551536,0.9745611432108925,0.02543885678910751,0.9972121437308519,True,,1935.0,1.0,,0.0
0,234,fixed_dR,0.15,,0.15,,,full,92.30917358398438,0.8987790786317161,1.4989556560756263,664361,1780,92.98402908026327,2128.0,1759.0,369.0,0.8265977443609023,0.17340225563909772,0.9882022471910112,98.51550692346791,92.76736766414615,5.748139259321761,0.9416524419471625,0.058347558052837534,0.9976699072059988,True,,2128.0,1.0,,0.0
0,234,fixed_dR,0.2,,0.2,,,full,92.30917358398438,0.8987790786317161,1.4989556560756263,664361,1780,92.98402908026327,2352.0,1762.0,590.0,0.7491496598639455,0.25085034013605445,0.9898876404494382,102.53243794048103,92.78298147883106,9.74945646164997,0.9049134434186631,0.09508655658133691,0.9978378265233198,True,,2352.0,1.0,,0.0
1,244,dbscan,0.04,0.04,,2.0,0.4,full,185.7984619140625,1.914115909980456,-0.4866983518505037,653186,2910,190.76776288675563,11402.0,2841.0,8561.0,0.24916681283985265,0.7508331871601474,0.9762886597938144,382.2375034835226,189.31617802205238,192.9213254614702,0.495284152645198,0.504715847354802,0.992390827240738,True,,11402.0,1.0,0.0,0.0
1,244,dbscan,0.06,0.06,,2.0,0.4,full,185.7984619140625,1.914115909980456,-0.4866983518505037,653186,2910,190.76776288675563,11402.0,2841.0,8561.0,0.24916681283985265,0.7508331871601474,0.9762886597938144,382.2375034835226,189.31617802205238,192.9213254614702,0.495284152645198,0.504715847354802,0.992390827240738,True,,11402.0,1.0,0.0,0.0
1,244,dbscan,0.08,0.08,,2.0,0.4,full,185.7984619140625,1.914115909980456,-0.4866983518505037,653186,2910,190.76776288675563,11402.0,2841.0,8561.0,0.24916681283985265,0.7508331871601474,0.9762886597938144,382.2375034835226,189.31617802205238,192.9213254614702,0.495284152645198,0.504715847354802,0.992390827240738,True,,11402.0,1.0,0.0,0.0
1,244,dbscan,0.1,0.1,,2.0,0.4,full,185.7984619140625,1.914115909980456,-0.4866983518505037,653186,2910,190.76776288675563,11402.0,2841.0,8561.0,0.24916681283985265,0.7508331871601474,0.9762886597938144,382.2375034835226,189.31617802205238,192.9213254614702,0.495284152645198,0.504715847354802,0.992390827240738,True,,11402.0,1.0,0.0,0.0
1,244,fixed_dR,0.05,,0.05,,,full,185.7984619140625,1.914115909980456,-0.4866983518505037,653186,2910,190.76776288675563,2460.0,2369.0,91.0,0.9630081300813008,0.03699186991869918,0.8140893470790378,184.59711116569014,182.94332442709765,1.653786738592487,0.9910411017369167,0.00895889826308327,0.9589844828012017,True,,2460.0,1.0,,0.0
1,244,fixed_dR,0.08,,0.08,,,full,185.7984619140625,1.914115909980456,-0.4866983518505037,653186,2910,190.76776288675563,2993.0,2719.0,274.0,0.908453057133311,0.09154694286668896,0.9343642611683849,195.246095663244,187.86029847865777,7.385797184586238,0.9621718572169294,0.03782814278307056,0.9847591418796277,True,,2993.0,1.0,,0.0
1,244,fixed_dR,0.1,,0.1,,,full,185.7984619140625,1.914115909980456,-0.4866983518505037,653186,2910,190.76776288675563,3127.0,2773.0,354.0,0.8867924528301887,0.1132075471698113,0.9529209621993127,198.58119052770456,188.46598422719163,10.115206300512938,0.9490626162848906,0.05093738371510936,0.9879341319270468,True,,3127.0,1.0,,0.0
1,244,fixed_dR,0.15,,0.15,,,full,185.7984619140625,1.914115909980456,-0.4866983518505037,653186,2910,190.76776288675563,3754.0,2814.0,940.0,0.7496004262120405,0.2503995737879595,0.9670103092783505,212.88096107910678,188.99947126837418,23.881489810732603,0.887817634373333,0.11218236562666695,0.990730658096404,True,,3754.0,1.0,,0.0
1,244,fixed_dR,0.2,,0.2,,,full,185.7984619140625,1.914115909980456,-0.4866983518505037,653186,2910,190.76776288675563,4932.0,2831.0,2101.0,0.5740064882400648,0.42599351175993516,0.9728522336769759,235.9907787425378,189.18650217586855,46.804276566669245,0.8016690447988565,0.19833095520114352,0.9917110695908,True,,4932.0,1.0,,0.0
1,248,dbscan,0.04,0.04,,2.0,0.4,full,274.86810302734375,2.8185930013278067,2.7249172942859903,653186,3679,276.12286763284317,16857.0,3606.0,13251.0,0.21391706709378894,0.7860829329062111,0.9801576515357434,688.6016692105591,275.0965267564001,413.50514245415894,0.3995002322195675,0.6004997677804325,0.9962830283299543,True,,16857.0,1.0,0.0,0.0
1,248,dbscan,0.06,0.06,,2.0,0.4,full,274.86810302734375,2.8185930013278067,2.7249172942859903,653186,3679,276.12286763284317,16857.0,3606.0,13251.0,0.21391706709378894,0.7860829329062111,0.9801576515357434,688.6016692105591,275.0965267564001,413.50514245415894,0.3995002322195675,0.6004997677804325,0.9962830283299543,True,,16857.0,1.0,0.0,0.0
1,248,dbscan,0.08,0.08,,2.0,0.4,full,274.86810302734375,2.8185930013278067,2.7249172942859903,653186,3679,276.12286763284317,16857.0,3606.0,13251.0,0.21391706709378894,0.7860829329062111,0.9801576515357434,688.6016692105591,275.0965267564001,413.50514245415894,0.3995002322195675,0.6004997677804325,0.9962830283299543,True,,16857.0,1.0,0.0,0.0
1,248,dbscan,0.1,0.1,,2.0,0.4,full,274.86810302734375,2.8185930013278067,2.7249172942859903,653186,3679,276.12286763284317,16857.0,3606.0,13251.0,0.21391706709378894,0.7860829329062111,0.9801576515357434,688.6016692105591,275.0965267564001,413.50514245415894,0.3995002322195675,0.6004997677804325,0.9962830283299543,True,,16857.0,1.0,0.0,0.0
1,248,fixed_dR,0.05,,0.05,,,full,274.86810302734375,2.8185930013278067,2.7249172942859903,653186,3679,276.12286763284317,1592.0,1490.0,102.0,0.9359296482412061,0.06407035175879394,0.4050013590649633,249.99160145592032,241.93962844851973,8.05197300740059,0.967791025936444,0.03220897406355605,0.876202795236154,True,,1592.0,1.0,,0.0
1,248,fixed_dR,0.08,,0.08,,,full,274.86810302734375,2.8185930013278067,2.7249172942859903,653186,3679,276.12286763284317,2905.0,2477.0,428.0,0.8526678141135973,0.14733218588640273,0.6732807828214189,278.22113439985594,260.0357619337543,18.185372466101626,0.9346369839756105,0.06536301602438954,0.9417393212050815,True,,2905.0,1.0,,0.0
1,248,fixed_dR,0.1,,0.1,,,full,274.86810302734375,2.8185930013278067,2.7249172942859903,653186,3679,276.12286763284317,3552.0,2812.0,740.0,0.7916666666666666,0.20833333333333337,0.7643381353628703,294.68803281646797,264.42950935559213,30.258523460875836,0.8973201484577391,0.10267985154226089,0.9576516122062025,True,,3552.0,1.0,,0.0
1,248,fixed_dR,0.15,,0.15,,,full,274.86810302734375,2.8185930013278067,2.7249172942859903,653186,3679,276.12286763284317,5076.0,3271.0,1805.0,0.6444050433412135,0.3555949566587865,0.8891002989942919,335.5526853918651,270.62430666570594,64.92837872615917,0.8065031765419057,0.19349682345809427,0.9800865425805712,True,,5076.0,1.0,,0.0
1,248,fixed_dR,0.2,,0.2,,,full,274.86810302734375,2.8185930013278067,2.7249172942859903,653186,3679,276.12286763284317,6891.0,3451.0,3440.0,0.5007981425047163,0.4992018574952837,0.9380266376732808,383.2117211472338,273.0137856358027,110.19793551143107,0.7124358952760427,0.2875641047239573,0.9887402226997927,True,,6891.0,1.0,,0.0
2,138,dbscan,0.04,0.04,,2.0,0.4,full,37.751976013183594,2.2252295277863894,-1.6665479905882234,799429,966,37.64715742285495,17570.0,966.0,16604.0,0.0549800796812749,0.9450199203187251,1.0,445.5400977382292,37.64715742285498,407.8929403153742,0.0844977985460111,0.9155022014539889,1.0000000000000007,True,,17570.0,1.0,0.0,0.0
2,138,dbscan,0.06,0.06,,2.0,0.4,full,37.751976013183594,2.2252295277863894,-1.6665479905882234,799429,966,37.64715742285495,17570.0,966.0,16604.0,0.0549800796812749,0.9450199203187251,1.0,445.5400977382292,37.64715742285498,407.8929403153742,0.0844977985460111,0.9155022014539889,1.0000000000000007,True,,17570.0,1.0,0.0,0.0
2,138,dbscan,0.08,0.08,,2.0,0.4,full,37.751976013183594,2.2252295277863894,-1.6665479905882234,799429,966,37.64715742285495,17570.0,966.0,16604.0,0.0549800796812749,0.9450199203187251,1.0,445.5400977382292,37.64715742285498,407.8929403153742,0.0844977985460111,0.9155022014539889,1.0000000000000007,True,,17570.0,1.0,0.0,0.0
2,138,dbscan,0.1,0.1,,2.0,0.4,full,37.751976013183594,2.2252295277863894,-1.6665479905882234,799429,966,37.64715742285495,17570.0,966.0,16604.0,0.0549800796812749,0.9450199203187251,1.0,445.5400977382292,37.64715742285498,407.8929403153742,0.0844977985460111,0.9155022014539889,1.0000000000000007,True,,17570.0,1.0,0.0,0.0
2,138,fixed_dR,0.05,,0.05,,,full,37.751976013183594,2.2252295277863894,-1.6665479905882234,799429,966,37.64715742285495,832.0,559.0,273.0,0.671875,0.328125,0.5786749482401656,35.725411440273824,30.673975420868743,5.051436019405081,0.8586038392349901,0.14139616076500994,0.8147753381838888,True,,832.0,1.0,,0.0
2,138,fixed_dR,0.08,,0.08,,,full,37.751976013183594,2.2252295277863894,-1.6665479905882234,799429,966,37.64715742285495,1704.0,855.0,849.0,0.5017605633802817,0.49823943661971826,0.8850931677018633,56.99224280029812,35.97242198162549,21.019820818672635,0.6311810206815957,0.36881897931840435,0.955514956350655,True,,1704.0,1.0,,0.0
2,138,fixed_dR,0.1,,0.1,,,full,37.751976013183594,2.2252295277863894,-1.6665479905882234,799429,966,37.64715742285495,2271.0,911.0,1360.0,0.401144870101277,0.598855129898723,0.943064182194617,71.26378138454383,36.734453005587966,34.52932837895587,0.5154715662275421,0.4845284337724579,0.9757563524115396,True,,2271.0,1.0,,0.0
2,138,fixed_dR,0.15,,0.15,,,full,37.751976013183594,2.2252295277863894,-1.6665479905882234,799429,966,37.64715742285495,4025.0,948.0,3077.0,0.235527950310559,0.764472049689441,0.9813664596273292,112.65131521089245,37.42741265240893,75.22390255848352,0.33224123999210986,0.6677587600078901,0.9941630448222735,True,,4025.0,1.0,,0.0
2,138,fixed_dR,0.2,,0.2,,,full,37.751976013183594,2.2252295277863894,-1.6665479905882234,799429,966,37.64715742285495,6023.0,961.0,5062.0,0.1595550390171011,0.8404449609828989,0.994824016563147,166.39512011653244,37.61474311434704,128.7803770021854,0.22605676829947954,0.7739432317005205,0.9991389971852634,True,,6023.0,1.0,,0.0
2,139,dbscan,0.04,0.04,,2.0,0.4,full,57.02202606201172,-1.8751845654339019,2.464996342030318,799429,1252,60.36668849933796,12485.0,1250.0,11235.0,0.1001201441730076,0.8998798558269924,0.9984025559105432,324.38621314873166,60.34864490221389,264.03756824651776,0.18603948767250453,0.8139605123274954,0.9997011001005254,True,,12485.0,1.0,0.0,0.0
2,139,dbscan,0.06,0.06,,2.0,0.4,full,57.02202606201172,-1.8751845654339019,2.464996342030318,799429,1252,60.36668849933796,12485.0,1250.0,11235.0,0.1001201441730076,0.8998798558269924,0.9984025559105432,324.38621314873166,60.34864490221389,264.03756824651776,0.18603948767250453,0.8139605123274954,0.9997011001005254,True,,12485.0,1.0,0.0,0.0
2,139,dbscan,0.08,0.08,,2.0,0.4,full,57.02202606201172,-1.8751845654339019,2.464996342030318,799429,1252,60.36668849933796,12485.0,1250.0,11235.0,0.1001201441730076,0.8998798558269924,0.9984025559105432,324.38621314873166,60.34864490221389,264.03756824651776,0.18603948767250453,0.8139605123274954,0.9997011001005254,True,,12485.0,1.0,0.0,0.0
2,139,dbscan,0.1,0.1,,2.0,0.4,full,57.02202606201172,-1.8751845654339019,2.464996342030318,799429,1252,60.36668849933796,12485.0,1250.0,11235.0,0.1001201441730076,0.8998798558269924,0.9984025559105432,324.38621314873166,60.34864490221389,264.03756824651776,0.18603948767250453,0.8139605123274954,0.9997011001005254,True,,12485.0,1.0,0.0,0.0
2,139,fixed_dR,0.05,,0.05,,,full,57.02202606201172,-1.8751845654339019,2.464996342030318,799429,1252,60.36668849933796,1188.0,1065.0,123.0,0.8964646464646465,0.10353535353535348,0.8506389776357828,61.206118994222564,57.80733667302629,3.398782321196272,0.9444698932550013,0.0555301067449987,0.9576032429484725,True,,1188.0,1.0,,0.0
2,139,fixed_dR,0.08,,0.08,,,full,57.02202606201172,-1.8751845654339019,2.464996342030318,799429,1252,60.36668849933796,1640.0,1217.0,423.0,0.7420731707317073,0.2579268292682927,0.9720447284345048,70.76433283085099,59.817012454481485,10.947320376369504,0.8452988965141939,0.15470110348580612,0.9908943813463861,True,,1640.0,1.0,,0.0
2,139,fixed_dR,0.1,,0.1,,,full,57.02202606201172,-1.8751845654339019,2.464996342030318,799429,1252,60.36668849933796,1974.0,1235.0,739.0,0.6256332320162108,0.3743667679837892,0.9864217252396166,78.36094142306939,60.04947004013103,18.311471382938365,0.7663188949699438,0.23368110503005624,0.9947451406215464,True,,1974.0,1.0,,0.0
2,139,fixed_dR,0.15,,0.15,,,full,57.02202606201172,-1.8751845654339019,2.464996342030318,799429,1252,60.36668849933796,3040.0,1248.0,1792.0,0.4105263157894737,0.5894736842105264,0.9968051118210862,99.44954453027677,60.320130868620076,39.12941366165669,0.6065400415208136,0.39345995847918636,0.9992287529451215,True,,3040.0,1.0,,0.0
2,139,fixed_dR,0.2,,0.2,,,full,57.02202606201172,-1.8751845654339019,2.464996342030318,799429,1252,60.36668849933796,3966.0,1248.0,2718.0,0.3146747352496218,0.6853252647503782,0.9968051118210862,124.59892874479992,60.320130868620076,64.27879787617985,0.48411436178689865,0.5158856382131014,0.9992287529451215,True,,3966.0,1.0,,0.0
3,345,dbscan,0.04,0.04,,2.0,0.4,full,511.27825927734375,3.257847476673682,-0.15082386152624072,799071,1102,267.1250403817138,5051.0,399.0,4652.0,0.07899425856266086,0.9210057414373392,0.3620689655172414,610.5337550258616,258.7247607711702,351.8089942546914,0.42376815145988267,0.5762318485401173,0.9685530057439025,True,,5072.0,2.0,0.0,0.0
3,345,dbscan,0.06,0.06,,2.0,0.4,full,511.27825927734375,3.257847476673682,-0.15082386152624072,799071,1102,267.1250403817138,5072.0,403.0,4669.0,0.07945583596214512,0.9205441640378549,0.36569872958257715,613.7581859612259,258.85985604066116,354.8983299205647,0.4217619609182933,0.5782380390817067,0.9690587436908126,True,,5072.0,1.0,0.0,0.0
3,345,dbscan,0.08,0.08,,2.0,0.4,full,511.27825927734375,3.257847476673682,-0.15082386152624072,799071,1102,267.1250403817138,5072.0,403.0,4669.0,0.07945583596214512,0.9205441640378549,0.36569872958257715,613.7581859612259,258.85985604066116,354.8983299205647,0.4217619609182933,0.5782380390817067,0.9690587436908126,True,,5072.0,1.0,0.0,0.0
3,345,dbscan,0.1,0.1,,2.0,0.4,full,511.27825927734375,3.257847476673682,-0.15082386152624072,799071,1102,267.1250403817138,5072.0,403.0,4669.0,0.07945583596214512,0.9205441640378549,0.36569872958257715,613.7581859612259,258.85985604066116,354.8983299205647,0.4217619609182933,0.5782380390817067,0.9690587436908126,True,,5072.0,1.0,0.0,0.0
3,345,fixed_dR,0.05,,0.05,,,full,511.27825927734375,3.257847476673682,-0.15082386152624072,799071,1102,267.1250403817138,26.0,22.0,4.0,0.8461538461538461,0.15384615384615385,0.019963702359346643,202.6240634982183,194.86883932324125,7.755224174977059,0.96172604555902,0.03827395444098003,0.7295042016457141,True,,26.0,1.0,,0.0
3,345,fixed_dR,0.08,,0.08,,,full,511.27825927734375,3.257847476673682,-0.15082386152624072,799071,1102,267.1250403817138,64.0,51.0,13.0,0.796875,0.203125,0.04627949183303085,242.21419308224284,222.04015433360308,20.17403874863976,0.9167099231803079,0.08329007681969214,0.8312217904256158,True,,64.0,1.0,,0.0
3,345,fixed_dR,0.1,,0.1,,,full,511.27825927734375,3.257847476673682,-0.15082386152624072,799071,1102,267.1250403817138,116.0,92.0,24.0,0.7931034482758621,0.2068965517241379,0.08348457350272233,275.42173423649217,242.47462609908402,32.94710813740815,0.8803757872313811,0.1196242127686189,0.9077195674078137,True,,116.0,1.0,,0.0
3,345,fixed_dR,0.15,,0.15,,,full,511.27825927734375,3.257847476673682,-0.15082386152624072,799071,1102,267.1250403817138,213.0,145.0,68.0,0.6807511737089202,0.31924882629107976,0.13157894736842105,309.15283953555047,249.1961743058044,59.95666522974608,0.8060614118252294,0.1939385881747706,0.9328821212332262,True,,213.0,1.0,,0.0
3,345,fixed_dR,0.2,,0.2,,,full,511.27825927734375,3.257847476673682,-0.15082386152624072,799071,1102,267.1250403817138,403.0,233.0,170.0,0.5781637717121588,0.4218362282878412,0.21143375680580762,351.6403607886008,255.32555873197677,96.31480205662402,0.726098557513065,0.27390144248693504,0.9558278713486541,True,,403.0,1.0,,0.0
3,347,dbscan,0.04,0.04,,2.0,0.4,full,44.06303405761719,1.1742144319138839,-1.9373138957804508,799071,1168,45.76287251659233,6216.0,1155.0,5061.0,0.1858108108108108,0.8141891891891893,0.9888698630136986,162.33951135616917,45.62535429286072,116.71415706330845,0.2810489813090526,0.7189510186909474,0.9969949826973438,True,,6217.0,1.0,1.0,0.0
3,347,dbscan,0.06,0.06,,2.0,0.4,full,44.06303405761719,1.1742144319138839,-1.9373138957804508,799071,1168,45.76287251659233,6217.0,1155.0,5062.0,0.18578092327489143,0.8142190767251085,0.9888698630136986,162.3441992694843,45.62535429286072,116.71884497662359,0.2810408656309587,0.7189591343690414,0.9969949826973438,True,,6217.0,1.0,0.0,0.0
3,347,dbscan,0.08,0.08,,2.0,0.4,full,44.06303405761719,1.1742144319138839,-1.9373138957804508,799071,1168,45.76287251659233,6217.0,1155.0,5062.0,0.18578092327489143,0.8142190767251085,0.9888698630136986,162.3441992694843,45.62535429286072,116.71884497662359,0.2810408656309587,0.7189591343690414,0.9969949826973438,True,,6217.0,1.0,0.0,0.0
3,347,dbscan,0.1,0.1,,2.0,0.4,full,44.06303405761719,1.1742144319138839,-1.9373138957804508,799071,1168,45.76287251659233,6217.0,1155.0,5062.0,0.18578092327489143,0.8142190767251085,0.9888698630136986,162.3441992694843,45.62535429286072,116.71884497662359,0.2810408656309587,0.7189591343690414,0.9969949826973438,True,,6217.0,1.0,0.0,0.0
3,347,fixed_dR,0.05,,0.05,,,full,44.06303405761719,1.1742144319138839,-1.9373138957804508,799071,1168,45.76287251659233,1075.0,1009.0,66.0,0.9386046511627907,0.06139534883720932,0.8638698630136986,45.022009087870174,43.456756722525824,1.5652523653443495,0.9652336180224783,0.03476638197752169,0.9496072762209065,True,,1075.0,1.0,,0.0
3,347,fixed_dR,0.08,,0.08,,,full,44.06303405761719,1.1742144319138839,-1.9373138957804508,799071,1168,45.76287251659233,1363.0,1138.0,225.0,0.83492296404989,0.16507703595011003,0.9743150684931506,50.17477758392488,45.41735451712157,4.757423066803312,0.9051829764696853,0.09481702353031474,0.9924498183686898,True,,1363.0,1.0,,0.0
3,347,fixed_dR,0.1,,0.1,,,full,44.06303405761719,1.1742144319138839,-1.9373138957804508,799071,1168,45.76287251659233,1654.0,1150.0,504.0,0.6952841596130592,0.3047158403869408,0.9845890410958904,56.810682587356496,45.53533543694357,11.275347150412927,0.8015276944952197,0.19847230550478034,0.9950279108994685,True,,1654.0,1.0,,0.0
3,347,fixed_dR,0.15,,0.15,,,full,44.06303405761719,1.1742144319138839,-1.9373138957804508,799071,1168,45.76287251659233,2002.0,1155.0,847.0,0.5769230769230769,0.42307692307692313,0.9888698630136986,64.23596577811331,45.62535429286072,18.61061148525259,0.7102773927376109,0.2897226072623891,0.9969949826973438,True,,2002.0,1.0,,0.0
3,347,fixed_dR,0.2,,0.2,,,full,44.06303405761719,1.1742144319138839,-1.9373138957804508,799071,1168,45.76287251659233,2360.0,1155.0,1205.0,0.4894067796610169,0.5105932203389831,0.9888698630136986,71.96212670560344,45.62535429286072,26.336772412742718,0.634018981672314,0.36598101832768604,0.9969949826973438,True,,2360.0,1.0,,0.0
4,193,dbscan,0.04,0.04,,2.0,0.4,full,72.88250732421875,-2.1378411256496963,1.125994495594385,735207,1494,72.38244953354268,14154.0,1382.0,12772.0,0.09764024304083652,0.9023597569591635,0.9250334672021419,362.91380419592826,70.39841112002651,292.5153930759018,0.19398107844368503,0.8060189215563149,0.9725895099391911,True,,14154.0,1.0,0.0,0.0
4,193,dbscan,0.06,0.06,,2.0,0.4,full,72.88250732421875,-2.1378411256496963,1.125994495594385,735207,1494,72.38244953354268,14154.0,1382.0,12772.0,0.09764024304083652,0.9023597569591635,0.9250334672021419,362.91380419592826,70.39841112002651,292.5153930759018,0.19398107844368503,0.8060189215563149,0.9725895099391911,True,,14154.0,1.0,0.0,0.0
4,193,dbscan,0.08,0.08,,2.0,0.4,full,72.88250732421875,-2.1378411256496963,1.125994495594385,735207,1494,72.38244953354268,14154.0,1382.0,12772.0,0.09764024304083652,0.9023597569591635,0.9250334672021419,362.91380419592826,70.39841112002651,292.5153930759018,0.19398107844368503,0.8060189215563149,0.9725895099391911,True,,14154.0,1.0,0.0,0.0
4,193,dbscan,0.1,0.1,,2.0,0.4,full,72.88250732421875,-2.1378411256496963,1.125994495594385,735207,1494,72.38244953354268,14154.0,1382.0,12772.0,0.09764024304083652,0.9023597569591635,0.9250334672021419,362.91380419592826,70.39841112002651,292.5153930759018,0.19398107844368503,0.8060189215563149,0.9725895099391911,True,,14154.0,1.0,0.0,0.0
4,193,fixed_dR,0.05,,0.05,,,full,72.88250732421875,-2.1378411256496963,1.125994495594385,735207,1494,72.38244953354268,1220.0,1041.0,179.0,0.8532786885245902,0.1467213114754098,0.6967871485943775,70.71218678697551,65.54468745739106,5.1674993295844445,0.926922082820719,0.07307791717928103,0.9055328726753998,True,,1220.0,1.0,,0.0
4,193,fixed_dR,0.08,,0.08,,,full,72.88250732421875,-2.1378411256496963,1.125994495594385,735207,1494,72.38244953354268,1844.0,1246.0,598.0,0.675704989154013,0.324295010845987,0.8340026773761714,82.18491704186927,68.55887256195311,13.62604447991616,0.8342026132000067,0.16579738679999334,0.9471753581672074,True,,1844.0,1.0,,0.0
4,193,fixed_dR,0.1,,0.1,,,full,72.88250732421875,-2.1378411256496963,1.125994495594385,735207,1494,72.38244953354268,2346.0,1290.0,1056.0,0.5498721227621484,0.45012787723785164,0.8634538152610441,92.31247263473125,68.96165724607053,23.35081538866072,0.7470459329904754,0.2529540670095246,0.9527400314645759,True,,2346.0,1.0,,0.0
4,193,fixed_dR,0.15,,0.15,,,full,72.88250732421875,-2.1378411256496963,1.125994495594385,735207,1494,72.38244953354268,3472.0,1330.0,2142.0,0.38306451612903225,0.6169354838709677,0.8902275769745649,118.47096748254589,69.46127272840641,49.009694754139474,0.5863147250708493,0.41368527492915075,0.9596424710138807,True,,3472.0,1.0,,0.0
4,193,fixed_dR,0.2,,0.2,,,full,72.88250732421875,-2.1378411256496963,1.125994495594385,735207,1494,72.38244953354268,5171.0,1336.0,3835.0,0.2583639528137691,0.7416360471862309,0.8942436412315931,162.46292211704497,69.59135337643784,92.87156874060713,0.4283522201225789,0.5716477798774211,0.961439600689233,True,,5171.0,1.0,,0.0
4,196,dbscan,0.04,0.04,,2.0,0.4,full,10.961793899536133,-0.09887885671425835,-1.9563827377739673,735207,336,11.215915336015314,3478.0,333.0,3145.0,0.09574468085106383,0.9042553191489362,0.9910714285714286,69.5668627005034,11.172844766133494,58.39401793436991,0.16060584497297797,0.8393941550270221,0.9961598702743845,True,,4121.0,4.0,0.0,0.0
4,196,dbscan,0.06,0.06,,2.0,0.4,full,10.961793899536133,-0.09887885671425835,-1.9563827377739673,735207,336,11.215915336015314,4121.0,333.0,3788.0,0.08080562970152876,0.9191943702984713,0.9910714285714286,80.99353970051197,11.172844766133494,69.82069493437848,0.13794735737500888,0.8620526426249912,0.9961598702743845,True,,4121.0,1.0,0.0,0.0
4,196,dbscan,0.08,0.08,,2.0,0.4,full,10.961793899536133,-0.09887885671425835,-1.9563827377739673,735207,336,11.215915336015314,4121.0,333.0,3788.0,0.08080562970152876,0.9191943702984713,0.9910714285714286,80.99353970051197,11.172844766133494,69.82069493437848,0.13794735737500888,0.8620526426249912,0.9961598702743845,True,,4121.0,1.0,0.0,0.0
4,196,dbscan,0.1,0.1,,2.0,0.4,full,10.961793899536133,-0.09887885671425835,-1.9563827377739673,735207,336,11.215915336015314,4121.0,333.0,3788.0,0.08080562970152876,0.9191943702984713,0.9910714285714286,80.99353970051197,11.172844766133494,69.82069493437848,0.13794735737500888,0.8620526426249912,0.9961598702743845,True,,4121.0,1.0,0.0,0.0
4,196,fixed_dR,0.05,,0.05,,,full,10.961793899536133,-0.09887885671425835,-1.9563827377739673,735207,336,11.215915336015314,126.0,17.0,109.0,0.1349206349206349,0.8650793650793651,0.050595238095238096,1.6226581471164536,0.2505720242879761,1.3720861228284775,0.15442071069205512,0.8455792893079449,0.022340755683431985,True,,126.0,1.0,,0.0
4,196,fixed_dR,0.08,,0.08,,,full,10.961793899536133,-0.09887885671425835,-1.9563827377739673,735207,336,11.215915336015314,560.0,294.0,266.0,0.525,0.475,0.875,14.419662587324638,10.560835764363219,3.8588268229614187,0.7323913233341912,0.2676086766658088,0.9415937485237094,True,,560.0,1.0,,0.0
4,196,fixed_dR,0.1,,0.1,,,full,10.961793899536133,-0.09887885671425835,-1.9563827377739673,735207,336,11.215915336015314,818.0,323.0,495.0,0.39486552567237165,0.6051344743276283,0.9613095238095238,18.44037832889626,10.979518731255666,7.460859597640592,0.5954063704891916,0.40459362951080835,0.978923110804826,True,,818.0,1.0,,0.0
4,196,fixed_dR,0.15,,0.15,,,full,10.961793899536133,-0.09887885671425835,-1.9563827377739673,735207,336,11.215915336015314,1215.0,332.0,883.0,0.27325102880658436,0.7267489711934156,0.9880952380952381,25.352234671545375,11.1568494166022,14.195385254943176,0.44007360933449896,0.559926390665501,0.9947337406138,True,,1215.0,1.0,,0.0
4,196,fixed_dR,0.2,,0.2,,,full,10.961793899536133,-0.09887885671425835,-1.9563827377739673,735207,336,11.215915336015314,1615.0,333.0,1282.0,0.20619195046439628,0.7938080495356037,0.9910714285714286,32.96548575415727,11.172844766133494,21.792640988023777,0.3389255310677316,0.6610744689322684,0.9961598702743845,True,,1615.0,1.0,,0.0
5,69,dbscan,0.04,0.04,,2.0,0.4,full,21.35725975036621,0.8635930746277929,2.5744402750329005,795606,603,21.337490232476558,4835.0,576.0,4259.0,0.11913133402275078,0.8808686659772492,0.9552238805970149,106.23009034493771,21.016477451985338,85.21361289295237,0.19783921282325123,0.8021607871767488,0.9849554574135141,True,,4846.0,2.0,0.0,0.0
5,69,dbscan,0.06,0.06,,2.0,0.4,full,21.35725975036621,0.8635930746277929,2.5744402750329005,795606,603,21.337490232476558,4846.0,576.0,4270.0,0.11886091621956253,0.8811390837804375,0.9552238805970149,106.43611608616447,21.016477451985338,85.41963863417914,0.19745626038225242,0.8025437396177476,0.9849554574135141,True,,4846.0,1.0,0.0,0.0
5,69,dbscan,0.08,0.08,,2.0,0.4,full,21.35725975036621,0.8635930746277929,2.5744402750329005,795606,603,21.337490232476558,4846.0,576.0,4270.0,0.11886091621956253,0.8811390837804375,0.9552238805970149,106.43611608616447,21.016477451985338,85.41963863417914,0.19745626038225242,0.8025437396177476,0.9849554574135141,True,,4846.0,1.0,0.0,0.0
5,69,dbscan,0.1,0.1,,2.0,0.4,full,21.35725975036621,0.8635930746277929,2.5744402750329005,795606,603,21.337490232476558,4846.0,576.0,4270.0,0.11886091621956253,0.8811390837804375,0.9552238805970149,106.43611608616447,21.016477451985338,85.41963863417914,0.19745626038225242,0.8025437396177476,0.9849554574135141,True,,4846.0,1.0,0.0,0.0
5,69,fixed_dR,0.05,,0.05,,,full,21.35725975036621,0.8635930746277929,2.5744402750329005,795606,603,21.337490232476558,400.0,325.0,75.0,0.8125,0.1875,0.538971807628524,18.00627630686904,16.759110155635426,1.247166151233614,0.9307371424286184,0.06926285757138162,0.7854302438122435,True,,400.0,1.0,,0.0
5,69,fixed_dR,0.08,,0.08,,,full,21.35725975036621,0.8635930746277929,2.5744402750329005,795606,603,21.337490232476558,705.0,482.0,223.0,0.6836879432624113,0.31631205673758866,0.7993366500829188,24.15173462668463,19.451840709734824,4.699893916949804,0.8054013929187094,0.19459860708129062,0.9116273984335939,True,,705.0,1.0,,0.0
5,69,fixed_dR,0.1,,0.1,,,full,21.35725975036621,0.8635930746277929,2.5744402750329005,795606,603,21.337490232476558,824.0,494.0,330.0,0.5995145631067961,0.4004854368932039,0.8192371475953566,26.26967913603039,19.562441537891573,6.707237598138818,0.7446775971869618,0.2553224028130382,0.9168108022431202,True,,824.0,1.0,,0.0
5,69,fixed_dR,0.15,,0.15,,,full,21.35725975036621,0.8635930746277929,2.5744402750329005,795606,603,21.337490232476558,1150.0,534.0,616.0,0.4643478260869565,0.5356521739130435,0.8855721393034826,32.59388633364324,20.322802706641596,12.271083627001644,0.6235157875501488,0.3764842124498512,0.9524457883856198,True,,1150.0,1.0,,0.0
5,69,fixed_dR,0.2,,0.2,,,full,21.35725975036621,0.8635930746277929,2.5744402750329005,795606,603,21.337490232476558,1556.0,572.0,984.0,0.3676092544987147,0.6323907455012854,0.9485903814262023,40.97184269445279,20.915083351019348,20.05675934343344,0.5104745594918302,0.4895254405081698,0.9802035348649257,True,,1556.0,1.0,,0.0
5,70,dbscan,0.04,0.04,,2.0,0.4,full,51.90724182128906,-1.8584831673518456,-0.5986100804695718,795606,1488,51.86096819041811,12531.0,1487.0,11044.0,0.11866570904157689,0.8813342909584231,0.9993279569892473,312.4510464289681,51.83254093961842,260.6185054893497,0.16589011793052807,0.8341098820694719,0.9994518565350473,True,,12531.0,1.0,0.0,0.0
5,70,dbscan,0.06,0.06,,2.0,0.4,full,51.90724182128906,-1.8584831673518456,-0.5986100804695718,795606,1488,51.86096819041811,12531.0,1487.0,11044.0,0.11866570904157689,0.8813342909584231,0.9993279569892473,312.4510464289681,51.83254093961842,260.6185054893497,0.16589011793052807,0.8341098820694719,0.9994518565350473,True,,12531.0,1.0,0.0,0.0
5,70,dbscan,0.08,0.08,,2.0,0.4,full,51.90724182128906,-1.8584831673518456,-0.5986100804695718,795606,1488,51.86096819041811,12531.0,1487.0,11044.0,0.11866570904157689,0.8813342909584231,0.9993279569892473,312.4510464289681,51.83254093961842,260.6185054893497,0.16589011793052807,0.8341098820694719,0.9994518565350473,True,,12531.0,1.0,0.0,0.0
5,70,dbscan,0.1,0.1,,2.0,0.4,full,51.90724182128906,-1.8584831673518456,-0.5986100804695718,795606,1488,51.86096819041811,12531.0,1487.0,11044.0,0.11866570904157689,0.8813342909584231,0.9993279569892473,312.4510464289681,51.83254093961842,260.6185054893497,0.16589011793052807,0.8341098820694719,0.9994518565350473,True,,12531.0,1.0,0.0,0.0
5,70,fixed_dR,0.05,,0.05,,,full,51.90724182128906,-1.8584831673518456,-0.5986100804695718,795606,1488,51.86096819041811,1176.0,980.0,196.0,0.8333333333333334,0.16666666666666663,0.6586021505376344,40.630992514446916,35.356812523671394,5.274179990775522,0.8701931785471346,0.12980682145286537,0.6817615204145756,True,,1176.0,1.0,,0.0
5,70,fixed_dR,0.08,,0.08,,,full,51.90724182128906,-1.8584831673518456,-0.5986100804695718,795606,1488,51.86096819041811,1789.0,1411.0,378.0,0.7887087758524315,0.2112912241475685,0.948252688172043,60.47559525737379,50.66602630572197,9.80956895165182,0.8377929326713698,0.16220706732863022,0.9769587432246025,True,,1789.0,1.0,,0.0
5,70,fixed_dR,0.1,,0.1,,,full,51.90724182128906,-1.8584831673518456,-0.5986100804695718,795606,1488,51.86096819041811,1959.0,1448.0,511.0,0.7391526288922919,0.26084737110770806,0.9731182795698925,66.25596057392359,51.33619784928415,14.91976272463944,0.7748162943318427,0.22518370566815726,0.98988120817168,True,,1959.0,1.0,,0.0
5,70,fixed_dR,0.15,,0.15,,,full,51.90724182128906,-1.8584831673518456,-0.5986100804695718,795606,1488,51.86096819041811,2537.0,1478.0,1059.0,0.5825778478517935,0.41742215214820655,0.9932795698924731,82.00564644358201,51.71959648024386,30.28604996333815,0.6306833580761508,0.36931664192384916,0.9972740248570914,True,,2537.0,1.0,,0.0
5,70,fixed_dR,0.2,,0.2,,,full,51.90724182128906,-1.8584831673518456,-0.5986100804695718,795606,1488,51.86096819041811,3768.0,1483.0,2285.0,0.39357749469214437,0.6064225053078556,0.9966397849462365,108.38325719132808,51.77542553654021,56.60783165478787,0.477706860619085,0.5222931393809149,0.9983505388182532,True,,3768.0,1.0,,0.0
6,652,dbscan,0.04,0.04,,2.0,0.4,full,410.17657470703125,-2.691082006783948,-2.303283408176336,820742,4583,416.85147763606295,27097.0,4546.0,22551.0,0.16776764955530132,0.8322323504446987,0.9919266855771329,1088.2755495381348,416.424007163947,671.8515423741878,0.38264574384739025,0.6173542561526097,0.9989745257122751,True,,27097.0,1.0,0.0,0.0
6,652,dbscan,0.06,0.06,,2.0,0.4,full,410.17657470703125,-2.691082006783948,-2.303283408176336,820742,4583,416.85147763606295,27097.0,4546.0,22551.0,0.16776764955530132,0.8322323504446987,0.9919266855771329,1088.2755495381348,416.424007163947,671.8515423741878,0.38264574384739025,0.6173542561526097,0.9989745257122751,True,,27097.0,1.0,0.0,0.0
6,652,dbscan,0.08,0.08,,2.0,0.4,full,410.17657470703125,-2.691082006783948,-2.303283408176336,820742,4583,416.85147763606295,27097.0,4546.0,22551.0,0.16776764955530132,0.8322323504446987,0.9919266855771329,1088.2755495381348,416.424007163947,671.8515423741878,0.38264574384739025,0.6173542561526097,0.9989745257122751,True,,27097.0,1.0,0.0,0.0
6,652,dbscan,0.1,0.1,,2.0,0.4,full,410.17657470703125,-2.691082006783948,-2.303283408176336,820742,4583,416.85147763606295,27097.0,4546.0,22551.0,0.16776764955530132,0.8322323504446987,0.9919266855771329,1088.2755495381348,416.424007163947,671.8515423741878,0.38264574384739025,0.6173542561526097,0.9989745257122751,True,,27097.0,1.0,0.0,0.0
6,652,fixed_dR,0.05,,0.05,,,full,410.17657470703125,-2.691082006783948,-2.303283408176336,820742,4583,416.85147763606295,2081.0,1939.0,142.0,0.9317635752042287,0.0682364247957713,0.42308531529565785,408.619595533664,377.97079524867377,30.648800284990216,0.9249942963578084,0.07500570364219161,0.9067277328417331,True,,2081.0,1.0,,0.0
6,652,fixed_dR,0.08,,0.08,,,full,410.17657470703125,-2.691082006783948,-2.303283408176336,820742,4583,416.85147763606295,3700.0,3098.0,602.0,0.8372972972972973,0.1627027027027027,0.6759764346497927,449.55483317045764,397.2663803603677,52.28845281008995,0.8836883758065087,0.11631162419349128,0.9530166058502154,True,,3700.0,1.0,,0.0
6,652,fixed_dR,0.1,,0.1,,,full,410.17657470703125,-2.691082006783948,-2.303283408176336,820742,4583,416.85147763606295,4562.0,3557.0,1005.0,0.7797018851380974,0.22029811486190265,0.7761291730307659,466.18499977955474,403.5316594793128,62.65334030024195,0.8656041264093248,0.13439587359067517,0.9680466092328952,True,,4562.0,1.0,,0.0
6,652,fixed_dR,0.15,,0.15,,,full,410.17657470703125,-2.691082006783948,-2.303283408176336,820742,4583,416.85147763606295,6726.0,4118.0,2608.0,0.6122509663990485,0.3877490336009515,0.8985380754963997,514.7660249618527,410.7097038320449,104.05632112980783,0.7978570533330769,0.20214294666692312,0.9852662779586445,True,,6726.0,1.0,,0.0
6,652,fixed_dR,0.2,,0.2,,,full,410.17657470703125,-2.691082006783948,-2.303283408176336,820742,4583,416.85147763606295,9289.0,4359.0,4930.0,0.4692647217138551,0.530735278286145,0.9511237180885883,572.5574435416592,413.8560607011972,158.70138284046197,0.7228201560724014,0.27717984392759865,0.9928141865974601,True,,9289.0,1.0,,0.0
6,654,dbscan,0.04,0.04,,2.0,0.4,full,333.3797912597656,-2.910667882298986,1.2789788170138587,820742,4018,334.89822745799114,18593.0,3883.0,14710.0,0.20884203732587533,0.7911579626741246,0.9664011946241912,870.5115160009256,332.9828577306179,537.5286582703077,0.3825140180342702,0.6174859819657298,0.9942807409226629,True,,18593.0,1.0,0.0,0.0
6,654,dbscan,0.06,0.06,,2.0,0.4,full,333.3797912597656,-2.910667882298986,1.2789788170138587,820742,4018,334.89822745799114,18593.0,3883.0,14710.0,0.20884203732587533,0.7911579626741246,0.9664011946241912,870.5115160009256,332.9828577306179,537.5286582703077,0.3825140180342702,0.6174859819657298,0.9942807409226629,True,,18593.0,1.0,0.0,0.0
6,654,dbscan,0.08,0.08,,2.0,0.4,full,333.3797912597656,-2.910667882298986,1.2789788170138587,820742,4018,334.89822745799114,18593.0,3883.0,14710.0,0.20884203732587533,0.7911579626741246,0.9664011946241912,870.5115160009256,332.9828577306179,537.5286582703077,0.3825140180342702,0.6174859819657298,0.9942807409226629,True,,18593.0,1.0,0.0,0.0
6,654,dbscan,0.1,0.1,,2.0,0.4,full,333.3797912597656,-2.910667882298986,1.2789788170138587,820742,4018,334.89822745799114,18593.0,3883.0,14710.0,0.20884203732587533,0.7911579626741246,0.9664011946241912,870.5115160009256,332.9828577306179,537.5286582703077,0.3825140180342702,0.6174859819657298,0.9942807409226629,True,,18593.0,1.0,0.0,0.0
6,654,fixed_dR,0.05,,0.05,,,full,333.3797912597656,-2.910667882298986,1.2789788170138587,820742,4018,334.89822745799114,1431.0,1315.0,116.0,0.9189378057302585,0.08106219426974148,0.3272772523643604,301.4497654426854,292.4427875040387,9.006977938646742,0.9701211313751735,0.02987886862482647,0.873228830513061,True,,1431.0,1.0,,0.0
6,654,fixed_dR,0.08,,0.08,,,full,333.3797912597656,-2.910667882298986,1.2789788170138587,820742,4018,334.89822745799114,2813.0,2364.0,449.0,0.8403839317454674,0.15961606825453256,0.5883524141363863,335.98407838068016,313.0174530018883,22.966625378791832,0.9316437091618075,0.0683562908381925,0.9346644064909316,True,,2813.0,1.0,,0.0
6,654,fixed_dR,0.1,,0.1,,,full,333.3797912597656,-2.910667882298986,1.2789788170138587,820742,4018,334.89822745799114,3596.0,2784.0,812.0,0.7741935483870968,0.22580645161290325,0.692882030861125,353.0890878127411,318.7297131605168,34.359374652224346,0.9026892196950401,0.09731078030495988,0.9517211111560675,True,,3596.0,1.0,,0.0
6,654,fixed_dR,0.15,,0.15,,,full,333.3797912597656,-2.910667882298986,1.2789788170138587,820742,4018,334.89822745799114,5791.0,3435.0,2356.0,0.5931618027974443,0.40683819720255565,0.8549029367844699,413.0140636114146,327.0914300131768,85.92263359823778,0.7919619665080502,0.20803803349194983,0.9766890451942043,True,,5791.0,1.0,,0.0
6,654,fixed_dR,0.2,,0.2,,,full,333.3797912597656,-2.910667882298986,1.2789788170138587,820742,4018,334.89822745799114,8286.0,3694.0,4592.0,0.4458122133719527,0.5541877866280474,0.9193628670980587,490.78377618892443,330.5509094213776,160.23286676754685,0.6735163741315969,0.32648362586840307,0.9870189876201753,True,,8286.0,1.0,,0.0
7,144,dbscan,0.04,0.04,,2.0,0.4,full,0.3210046887397766,-0.66075618228635,1.8078725015508998,963853,10,0.16562300731020516,4784.0,0.0,4784.0,0.0,1.0,0.0,103.37274077875918,0.0,103.37274077875918,0.0,1.0,0.0,True,,4785.0,1.0,1.0,0.0
7,144,dbscan,0.06,0.06,,2.0,0.4,full,0.3210046887397766,-0.66075618228635,1.8078725015508998,963853,10,0.16562300731020516,4785.0,0.0,4785.0,0.0,1.0,0.0,103.37616244325545,0.0,103.37616244325545,0.0,1.0,0.0,True,,4785.0,1.0,0.0,0.0
7,144,dbscan,0.08,0.08,,2.0,0.4,full,0.3210046887397766,-0.66075618228635,1.8078725015508998,963853,10,0.16562300731020516,4785.0,0.0,4785.0,0.0,1.0,0.0,103.37616244325545,0.0,103.37616244325545,0.0,1.0,0.0,True,,4785.0,1.0,0.0,0.0
7,144,dbscan,0.1,0.1,,2.0,0.4,full,0.3210046887397766,-0.66075618228635,1.8078725015508998,963853,10,0.16562300731020516,4785.0,0.0,4785.0,0.0,1.0,0.0,103.37616244325545,0.0,103.37616244325545,0.0,1.0,0.0,True,,4785.0,1.0,0.0,0.0
7,144,fixed_dR,0.05,,0.05,,,full,0.3210046887397766,-0.66075618228635,1.8078725015508998,963853,10,0.16562300731020516,60.0,0.0,60.0,0.0,1.0,0.0,1.901172397811024,0.0,1.901172397811024,0.0,1.0,0.0,True,,60.0,1.0,,0.0
7,144,fixed_dR,0.08,,0.08,,,full,0.3210046887397766,-0.66075618228635,1.8078725015508998,963853,10,0.16562300731020516,259.0,0.0,259.0,0.0,1.0,0.0,5.479482927103163,0.0,5.479482927103163,0.0,1.0,0.0,True,,259.0,1.0,,0.0
7,144,fixed_dR,0.1,,0.1,,,full,0.3210046887397766,-0.66075618228635,1.8078725015508998,963853,10,0.16562300731020516,503.0,0.0,503.0,0.0,1.0,0.0,9.980923781813544,0.0,9.980923781813544,0.0,1.0,0.0,True,,503.0,1.0,,0.0
7,144,fixed_dR,0.15,,0.15,,,full,0.3210046887397766,-0.66075618228635,1.8078725015508998,963853,10,0.16562300731020516,1055.0,0.0,1055.0,0.0,1.0,0.0,20.297803679177377,0.0,20.297803679177377,0.0,1.0,0.0,True,,1055.0,1.0,,0.0
7,144,fixed_dR,0.2,,0.2,,,full,0.3210046887397766,-0.66075618228635,1.8078725015508998,963853,10,0.16562300731020516,1883.0,0.0,1883.0,0.0,1.0,0.0,36.8521861782483,0.0,36.8521861782483,0.0,1.0,0.0,True,,1883.0,1.0,,0.0
7,145,dbscan,0.04,0.04,,2.0,0.4,full,0.7427677512168884,-1.1910697151329694,1.7003091708785896,963853,41,0.7375857142047606,5950.0,6.0,5944.0,0.0010084033613445378,0.9989915966386554,0.14634146341463414,145.46991884860253,0.06249723428481957,145.4074216143177,0.0004296230779496304,0.9995703769220504,0.0847321647928091,True,,5950.0,1.0,0.0,0.0
7,145,dbscan,0.06,0.06,,2.0,0.4,full,0.7427677512168884,-1.1910697151329694,1.7003091708785896,963853,41,0.7375857142047606,5950.0,6.0,5944.0,0.0010084033613445378,0.9989915966386554,0.14634146341463414,145.46991884860253,0.06249723428481957,145.4074216143177,0.0004296230779496304,0.9995703769220504,0.0847321647928091,True,,5950.0,1.0,0.0,0.0
7,145,dbscan,0.08,0.08,,2.0,0.4,full,0.7427677512168884,-1.1910697151329694,1.7003091708785896,963853,41,0.7375857142047606,5950.0,6.0,5944.0,0.0010084033613445378,0.9989915966386554,0.14634146341463414,145.46991884860253,0.06249723428481957,145.4074216143177,0.0004296230779496304,0.9995703769220504,0.0847321647928091,True,,5950.0,1.0,0.0,0.0
7,145,dbscan,0.1,0.1,,2.0,0.4,full,0.7427677512168884,-1.1910697151329694,1.7003091708785896,963853,41,0.7375857142047606,5950.0,6.0,5944.0,0.0010084033613445378,0.9989915966386554,0.14634146341463414,145.46991884860253,0.06249723428481957,145.4074216143177,0.0004296230779496304,0.9995703769220504,0.0847321647928091,True,,5950.0,1.0,0.0,0.0
7,145,fixed_dR,0.05,,0.05,,,full,0.7427677512168884,-1.1910697151329694,1.7003091708785896,963853,41,0.7375857142047606,92.0,0.0,92.0,0.0,1.0,0.0,1.9707478635427833,0.0,1.9707478635427833,0.0,1.0,0.0,True,,92.0,1.0,,0.0
7,145,fixed_dR,0.08,,0.08,,,full,0.7427677512168884,-1.1910697151329694,1.7003091708785896,963853,41,0.7375857142047606,256.0,0.0,256.0,0.0,1.0,0.0,5.581702655108529,0.0,5.581702655108529,0.0,1.0,0.0,True,,256.0,1.0,,0.0
7,145,fixed_dR,0.1,,0.1,,,full,0.7427677512168884,-1.1910697151329694,1.7003091708785896,963853,41,0.7375857142047606,354.0,0.0,354.0,0.0,1.0,0.0,7.531553722316312,0.0,7.531553722316312,0.0,1.0,0.0,True,,354.0,1.0,,0.0
7,145,fixed_dR,0.15,,0.15,,,full,0.7427677512168884,-1.1910697151329694,1.7003091708785896,963853,41,0.7375857142047606,698.0,0.0,698.0,0.0,1.0,0.0,15.766361053458605,0.0,15.766361053458605,0.0,1.0,0.0,True,,698.0,1.0,,0.0
7,145,fixed_dR,0.2,,0.2,,,full,0.7427677512168884,-1.1910697151329694,1.7003091708785896,963853,41,0.7375857142047606,1247.0,0.0,1247.0,0.0,1.0,0.0,31.083995313888956,0.0,31.083995313888956,0.0,1.0,0.0,True,,1247.0,1.0,,0.0
7,182,dbscan,0.04,0.04,,2.0,0.4,full,380.6821594238281,-4.730720833051846,-0.40720401917157695,963853,0,0.0,,,,,,,,,,,,,False,target_has_no_calo_hits,,,,
7,182,dbscan,0.06,0.06,,2.0,0.4,full,380.6821594238281,-4.730720833051846,-0.40720401917157695,963853,0,0.0,,,,,,,,,,,,,False,target_has_no_calo_hits,,,,
7,182,dbscan,0.08,0.08,,2.0,0.4,full,380.6821594238281,-4.730720833051846,-0.40720401917157695,963853,0,0.0,,,,,,,,,,,,,False,target_has_no_calo_hits,,,,
7,182,dbscan,0.1,0.1,,2.0,0.4,full,380.6821594238281,-4.730720833051846,-0.40720401917157695,963853,0,0.0,,,,,,,,,,,,,False,target_has_no_calo_hits,,,,
7,182,fixed_dR,0.05,,0.05,,,full,380.6821594238281,-4.730720833051846,-0.40720401917157695,963853,0,0.0,,,,,,,,,,,,,False,target_has_no_calo_hits,,,,
7,182,fixed_dR,0.08,,0.08,,,full,380.6821594238281,-4.730720833051846,-0.40720401917157695,963853,0,0.0,,,,,,,,,,,,,False,target_has_no_calo_hits,,,,
7,182,fixed_dR,0.1,,0.1,,,full,380.6821594238281,-4.730720833051846,-0.40720401917157695,963853,0,0.0,,,,,,,,,,,,,False,target_has_no_calo_hits,,,,
7,182,fixed_dR,0.15,,0.15,,,full,380.6821594238281,-4.730720833051846,-0.40720401917157695,963853,0,0.0,,,,,,,,,,,,,False,target_has_no_calo_hits,,,,
7,182,fixed_dR,0.2,,0.2,,,full,380.6821594238281,-4.730720833051846,-0.40720401917157695,963853,0,0.0,,,,,,,,,,,,,False,target_has_no_calo_hits,,,,
7,184,dbscan,0.04,0.04,,2.0,0.4,full,10.487838745117188,0.022046785668297132,2.969617733707229,963853,345,10.69954053609763,3897.0,345.0,3552.0,0.08852963818321787,0.9114703618167821,1.0,77.22774427868899,10.69954053609763,66.52820374259136,0.13854529400064544,0.8614547059993546,1.0,True,,3964.0,4.0,1.0,0.0
7,184,dbscan,0.06,0.06,,2.0,0.4,full,10.487838745117188,0.022046785668297132,2.969617733707229,963853,345,10.69954053609763,3964.0,345.0,3619.0,0.08703329969727548,0.9129667003027245,1.0,78.3444061006594,10.69954053609763,67.64486556456177,0.13657057432218603,0.863429425677814,1.0,True,,3964.0,1.0,0.0,0.0
7,184,dbscan,0.08,0.08,,2.0,0.4,full,10.487838745117188,0.022046785668297132,2.969617733707229,963853,345,10.69954053609763,3964.0,345.0,3619.0,0.08703329969727548,0.9129667003027245,1.0,78.3444061006594,10.69954053609763,67.64486556456177,0.13657057432218603,0.863429425677814,1.0,True,,3964.0,1.0,0.0,0.0
7,184,dbscan,0.1,0.1,,2.0,0.4,full,10.487838745117188,0.022046785668297132,2.969617733707229,963853,345,10.69954053609763,3964.0,345.0,3619.0,0.08703329969727548,0.9129667003027245,1.0,78.3444061006594,10.69954053609763,67.64486556456177,0.13657057432218603,0.863429425677814,1.0,True,,3964.0,1.0,0.0,0.0
7,184,fixed_dR,0.05,,0.05,,,full,10.487838745117188,0.022046785668297132,2.969617733707229,963853,345,10.69954053609763,118.0,42.0,76.0,0.3559322033898305,0.6440677966101696,0.12173913043478261,1.7518389373890386,0.4495996953210124,1.3022392420680262,0.25664442416784106,0.7433555758321589,0.04202046749616707,True,,118.0,1.0,,0.0
7,184,fixed_dR,0.08,,0.08,,,full,10.487838745117188,0.022046785668297132,2.969617733707229,963853,345,10.69954053609763,439.0,319.0,120.0,0.7266514806378133,0.27334851936218674,0.9246376811594202,12.277094400160422,10.29007185034061,1.9870225498198124,0.8381520508799013,0.1618479491200987,0.9617302552034293,True,,439.0,1.0,,0.0
7,184,fixed_dR,0.1,,0.1,,,full,10.487838745117188,0.022046785668297132,2.969617733707229,963853,345,10.69954053609763,585.0,338.0,247.0,0.5777777777777777,0.4222222222222223,0.9797101449275363,14.141820481063405,10.595284641658509,3.5465358394048963,0.7492164573752097,0.2507835426247903,0.9902560400526185,True,,585.0,1.0,,0.0
7,184,fixed_dR,0.15,,0.15,,,full,10.487838745117188,0.022046785668297132,2.969617733707229,963853,345,10.69954053609763,910.0,345.0,565.0,0.3791208791208791,0.6208791208791209,1.0,20.83353833514593,10.69954053609763,10.133997799048302,0.5135728921307444,0.4864271078692556,1.0,True,,910.0,1.0,,0.0
7,184,fixed_dR,0.2,,0.2,,,full,10.487838745117188,0.022046785668297132,2.969617733707229,963853,345,10.69954053609763,1182.0,345.0,837.0,0.2918781725888325,0.7081218274111676,1.0,29.043494330135218,10.69954053609763,18.34395379403759,0.3683971499598759,0.6316028500401241,1.0,True,,1182.0,1.0,,0.0
8,156,dbscan,0.04,0.04,,2.0,0.4,full,76.90438079833984,-1.1188814525523567,-2.214832518606706,710030,1452,76.12105373282247,5421.0,1447.0,3974.0,0.2669249216011806,0.7330750783988194,0.9965564738292011,158.2301281764816,76.0621320874634,82.1679960890182,0.48070574778671527,0.5192942522132847,0.9992259481119916,True,,5424.0,2.0,0.0,0.0
8,156,dbscan,0.06,0.06,,2.0,0.4,full,76.90438079833984,-1.1188814525523567,-2.214832518606706,710030,1452,76.12105373282247,5424.0,1447.0,3977.0,0.26677728613569324,0.7332227138643068,0.9965564738292011,158.26713563776903,76.0621320874634,82.20500355030563,0.4805933447961628,0.5194066552038372,0.9992259481119916,True,,5424.0,1.0,0.0,0.0
8,156,dbscan,0.08,0.08,,2.0,0.4,full,76.90438079833984,-1.1188814525523567,-2.214832518606706,710030,1452,76.12105373282247,5424.0,1447.0,3977.0,0.26677728613569324,0.7332227138643068,0.9965564738292011,158.26713563776903,76.0621320874634,82.20500355030563,0.4805933447961628,0.5194066552038372,0.9992259481119916,True,,5424.0,1.0,0.0,0.0
8,156,dbscan,0.1,0.1,,2.0,0.4,full,76.90438079833984,-1.1188814525523567,-2.214832518606706,710030,1452,76.12105373282247,5424.0,1447.0,3977.0,0.26677728613569324,0.7332227138643068,0.9965564738292011,158.26713563776903,76.0621320874634,82.20500355030563,0.4805933447961628,0.5194066552038372,0.9992259481119916,True,,5424.0,1.0,0.0,0.0
8,156,fixed_dR,0.05,,0.05,,,full,76.90438079833984,-1.1188814525523567,-2.214832518606706,710030,1452,76.12105373282247,1319.0,1263.0,56.0,0.9575435936315391,0.04245640636846093,0.8698347107438017,74.37295989880113,73.3762242236935,0.9967356751076295,0.9865981443193349,0.013401855680665098,0.9639412570566473,True,,1319.0,1.0,,0.0
8,156,fixed_dR,0.08,,0.08,,,full,76.90438079833984,-1.1188814525523567,-2.214832518606706,710030,1452,76.12105373282247,1581.0,1433.0,148.0,0.9063883617963314,0.09361163820366858,0.9869146005509641,78.44854365356696,75.83943176950925,2.609111884057711,0.9667411049008163,0.03325889509918367,0.9963003407138622,True,,1581.0,1.0,,0.0
8,156,fixed_dR,0.1,,0.1,,,full,76.90438079833984,-1.1188814525523567,-2.214832518606706,710030,1452,76.12105373282247,1734.0,1443.0,291.0,0.8321799307958477,0.16782006920415227,0.993801652892562,82.59122293145083,75.97429880352138,6.616924127929451,0.9198834465325526,0.0801165534674474,0.9980720848949859,True,,1734.0,1.0,,0.0
8,156,fixed_dR,0.15,,0.15,,,full,76.90438079833984,-1.1188814525523567,-2.214832518606706,710030,1452,76.12105373282247,2169.0,1447.0,722.0,0.6671277086214845,0.3328722913785155,0.9965564738292011,90.91141285995036,76.0621320874634,14.849280772486964,0.8366620833914178,0.1633379166085822,0.9992259481119916,True,,2169.0,1.0,,0.0
8,156,fixed_dR,0.2,,0.2,,,full,76.90438079833984,-1.1188814525523567,-2.214832518606706,710030,1452,76.12105373282247,2589.0,1447.0,1142.0,0.5589030513711858,0.4410969486288142,0.9965564738292011,99.22898800882612,76.0621320874634,23.166855921362725,0.7665313696507506,0.23346863034924936,0.9992259481119916,True,,2589.0,1.0,,0.0
8,157,dbscan,0.04,0.04,,2.0,0.4,full,121.02465057373047,-1.7299950847823828,1.0723789435654127,710030,2101,125.22399570946946,9342.0,2100.0,7242.0,0.224791265253693,0.775208734746307,0.9995240361732508,287.3014622405623,125.18862768841572,162.11283455214655,0.43573961201629113,0.5642603879837089,0.9997175619508597,True,,9342.0,1.0,0.0,0.0
8,157,dbscan,0.06,0.06,,2.0,0.4,full,121.02465057373047,-1.7299950847823828,1.0723789435654127,710030,2101,125.22399570946946,9342.0,2100.0,7242.0,0.224791265253693,0.775208734746307,0.9995240361732508,287.3014622405623,125.18862768841572,162.11283455214655,0.43573961201629113,0.5642603879837089,0.9997175619508597,True,,9342.0,1.0,0.0,0.0
8,157,dbscan,0.08,0.08,,2.0,0.4,full,121.02465057373047,-1.7299950847823828,1.0723789435654127,710030,2101,125.22399570946946,9342.0,2100.0,7242.0,0.224791265253693,0.775208734746307,0.9995240361732508,287.3014622405623,125.18862768841572,162.11283455214655,0.43573961201629113,0.5642603879837089,0.9997175619508597,True,,9342.0,1.0,0.0,0.0
8,157,dbscan,0.1,0.1,,2.0,0.4,full,121.02465057373047,-1.7299950847823828,1.0723789435654127,710030,2101,125.22399570946946,9342.0,2100.0,7242.0,0.224791265253693,0.775208734746307,0.9995240361732508,287.3014622405623,125.18862768841572,162.11283455214655,0.43573961201629113,0.5642603879837089,0.9997175619508597,True,,9342.0,1.0,0.0,0.0
8,157,fixed_dR,0.05,,0.05,,,full,121.02465057373047,-1.7299950847823828,1.0723789435654127,710030,2101,125.22399570946946,1983.0,1842.0,141.0,0.9288956127080181,0.07110438729198187,0.8767253688719657,124.01892697435179,121.6254864325576,2.3934405417941917,0.9807010058852615,0.019298994114738455,0.9712634207483626,True,,1983.0,1.0,,0.0
8,157,fixed_dR,0.08,,0.08,,,full,121.02465057373047,-1.7299950847823828,1.0723789435654127,710030,2101,125.22399570946946,2427.0,2035.0,392.0,0.838483724763082,0.16151627523691803,0.9685863874345549,131.9040783348959,124.2931507093228,7.6109276255730975,0.9422995276442518,0.057700472355748156,0.9925665604673221,True,,2427.0,1.0,,0.0
8,157,fixed_dR,0.1,,0.1,,,full,121.02465057373047,-1.7299950847823828,1.0723789435654127,710030,2101,125.22399570946946,2591.0,2063.0,528.0,0.7962176765727519,0.2037823234272481,0.9819133745835317,135.87872567070082,124.61392705291802,11.264798617782802,0.917096671593147,0.082903328406853,0.9951281808802296,True,,2591.0,1.0,,0.0
8,157,fixed_dR,0.15,,0.15,,,full,121.02465057373047,-1.7299950847823828,1.0723789435654127,710030,2101,125.22399570946946,3229.0,2085.0,1144.0,0.6457107463611025,0.3542892536388975,0.9923845787720134,150.08166902251943,124.91027158222643,25.171397440293006,0.8322819994991121,0.16771800050088792,0.9974946964001141,True,,3229.0,1.0,,0.0
8,157,fixed_dR,0.2,,0.2,,,full,121.02465057373047,-1.7299950847823828,1.0723789435654127,710030,2101,125.22399570946946,4116.0,2094.0,2022.0,0.5087463556851312,0.49125364431486884,0.9966682532127559,173.6434867474331,125.0819337596513,48.56155298778178,0.7203376072583981,0.2796623927416019,0.9988655373196383,True,,4116.0,1.0,,0.0
9,357,dbscan,0.04,0.04,,2.0,0.4,full,102.61734771728516,-3.330180767146474,-2.3596209147337395,679048,261,50.62781451845215,2916.0,124.0,2792.0,0.04252400548696845,0.9574759945130316,0.47509578544061304,266.0093547497134,49.04580979544211,216.9635449542713,0.18437625940482064,0.8156237405951794,0.9687522612212809,True,,3023.0,4.0,0.0,0.0
9,357,dbscan,0.06,0.06,,2.0,0.4,full,102.61734771728516,-3.330180767146474,-2.3596209147337395,679048,261,50.62781451845215,2980.0,129.0,2851.0,0.043288590604026844,0.9567114093959732,0.4942528735632184,280.4201597417341,49.05969484059028,231.3604649011438,0.17495067004374462,0.8250493299562554,0.9690265184705862,True,,3023.0,3.0,0.0,0.0
9,357,dbscan,0.08,0.08,,2.0,0.4,full,102.61734771728516,-3.330180767146474,-2.3596209147337395,679048,261,50.62781451845215,3023.0,132.0,2891.0,0.04366523321204102,0.9563347667879589,0.5057471264367817,298.22573962390163,49.113480527074756,249.11225909682688,0.1646855854528611,0.835314414547139,0.9700888927207105,True,,3023.0,1.0,0.0,0.0
9,357,dbscan,0.1,0.1,,2.0,0.4,full,102.61734771728516,-3.330180767146474,-2.3596209147337395,679048,261,50.62781451845215,3023.0,132.0,2891.0,0.04366523321204102,0.9563347667879589,0.5057471264367817,298.22573962390163,49.113480527074756,249.11225909682688,0.1646855854528611,0.835314414547139,0.9700888927207105,True,,3023.0,1.0,0.0,0.0
9,357,fixed_dR,0.05,,0.05,,,full,102.61734771728516,-3.330180767146474,-2.3596209147337395,679048,261,50.62781451845215,13.0,11.0,2.0,0.8461538461538461,0.15384615384615385,0.0421455938697318,40.06075578336604,37.641716453246765,2.4190393301192756,0.9396157340814897,0.060384265918510316,0.7434987429593196,True,,13.0,1.0,,0.0
9,357,fixed_dR,0.08,,0.08,,,full,102.61734771728516,-3.330180767146474,-2.3596209147337395,679048,261,50.62781451845215,26.0,19.0,7.0,0.7307692307692307,0.2692307692307693,0.07279693486590039,46.693921870080516,40.94698938676156,5.7469324833189575,0.8769233284942521,0.12307667150574786,0.8087844552689065,True,,26.0,1.0,,0.0
9,357,fixed_dR,0.1,,0.1,,,full,102.61734771728516,-3.330180767146474,-2.3596209147337395,679048,261,50.62781451845215,59.0,42.0,17.0,0.711864406779661,0.288135593220339,0.16091954022988506,60.13229620617058,46.725776995558235,13.406519210612345,0.7770496046808768,0.2229503953191232,0.922927000503414,True,,59.0,1.0,,0.0
9,357,fixed_dR,0.15,,0.15,,,full,102.61734771728516,-3.330180767146474,-2.3596209147337395,679048,261,50.62781451845215,113.0,64.0,49.0,0.5663716814159292,0.4336283185840708,0.24521072796934865,72.03155804425477,47.97381509295238,24.057742951302387,0.6660110706404297,0.33398892935957025,0.9475782344005295,True,,113.0,1.0,,0.0
9,357,fixed_dR,0.2,,0.2,,,full,102.61734771728516,-3.330180767146474,-2.3596209147337395,679048,261,50.62781451845215,220.0,98.0,122.0,0.44545454545454544,0.5545454545454546,0.37547892720306514,97.11242516290221,48.60031799453532,48.512107168366896,0.5004541685887283,0.49954583141127173,0.9599529123822267,True,,220.0,1.0,,0.0
9,358,dbscan,0.04,0.04,,2.0,0.4,full,26.86075210571289,-0.6340644304441577,-2.512405331556623,679048,740,27.631640726804108,3882.0,740.0,3142.0,0.190623390005152,0.8093766099948481,1.0,91.67908158042337,27.631640726804108,64.04744085361926,0.30139526106143294,0.698604738938567,1.0,True,,4028.0,9.0,3.0,0.0
9,358,dbscan,0.06,0.06,,2.0,0.4,full,26.86075210571289,-0.6340644304441577,-2.512405331556623,679048,740,27.631640726804108,4018.0,740.0,3278.0,0.18417122946739672,0.8158287705326033,1.0,95.04444425530892,27.631640726804108,67.41280352850481,0.29072336571909285,0.7092766342809071,1.0,True,,4028.0,3.0,1.0,0.0
9,358,dbscan,0.08,0.08,,2.0,0.4,full,26.86075210571289,-0.6340644304441577,-2.512405331556623,679048,740,27.631640726804108,4028.0,740.0,3288.0,0.18371400198609733,0.8162859980139027,1.0,95.17884436694658,27.631640726804108,67.54720364014247,0.29031284116326106,0.7096871588367389,1.0,True,,4028.0,1.0,0.0,0.0
9,358,dbscan,0.1,0.1,,2.0,0.4,full,26.86075210571289,-0.6340644304441577,-2.512405331556623,679048,740,27.631640726804108,4028.0,740.0,3288.0,0.18371400198609733,0.8162859980139027,1.0,95.17884436694658,27.631640726804108,67.54720364014247,0.29031284116326106,0.7096871588367389,1.0,True,,4028.0,1.0,0.0,0.0
9,358,fixed_dR,0.05,,0.05,,,full,26.86075210571289,-0.6340644304441577,-2.512405331556623,679048,740,27.631640726804108,617.0,571.0,46.0,0.9254457050243112,0.07455429497568877,0.7716216216216216,26.400333630772366,25.193967955692642,1.2063656750797236,0.9543049079624669,0.04569509203753308,0.9117796588623563,True,,617.0,1.0,,0.0
9,358,fixed_dR,0.08,,0.08,,,full,26.86075210571289,-0.6340644304441577,-2.512405331556623,679048,740,27.631640726804108,844.0,724.0,120.0,0.8578199052132701,0.14218009478672988,0.9783783783783784,29.828388914847892,27.453515186971345,2.3748737278765475,0.9203820985888249,0.07961790141117508,0.9935535663048785,True,,844.0,1.0,,0.0
9,358,fixed_dR,0.1,,0.1,,,full,26.86075210571289,-0.6340644304441577,-2.512405331556623,679048,740,27.631640726804108,965.0,736.0,229.0,0.7626943005181347,0.2373056994818653,0.9945945945945946,32.8042113272204,27.599016991598546,5.205194335621854,0.8413254236262443,0.1586745763737557,0.9988193341275636,True,,965.0,1.0,,0.0
9,358,fixed_dR,0.15,,0.15,,,full,26.86075210571289,-0.6340644304441577,-2.512405331556623,679048,740,27.631640726804108,1183.0,740.0,443.0,0.6255283178360102,0.37447168216398985,1.0,37.54616535644345,27.631640726804108,9.914524629639345,0.7359377572778448,0.26406224272215517,1.0,True,,1183.0,1.0,,0.0
9,358,fixed_dR,0.2,,0.2,,,full,26.86075210571289,-0.6340644304441577,-2.512405331556623,679048,740,27.631640726804108,1325.0,740.0,585.0,0.5584905660377358,0.44150943396226416,1.0,40.48010826767495,27.631640726804108,12.848467540870843,0.6825979946518355,0.31740200534816454,1.0,True,,1325.0,1.0,,0.0
10,174,dbscan,0.04,0.04,,2.0,0.4,full,551.8514404296875,-3.379064817984229,0.708564146923978,730926,310,135.29218221378633,1450.0,90.0,1360.0,0.06206896551724138,0.9379310344827586,0.2903225806451613,310.12372684729854,132.1349671184489,177.98875972884963,0.42607177613182334,0.5739282238681767,0.9766637285046638,True,,1528.0,4.0,0.0,0.0
10,174,dbscan,0.06,0.06,,2.0,0.4,full,551.8514404296875,-3.379064817984229,0.708564146923978,730926,310,135.29218221378633,1450.0,90.0,1360.0,0.06206896551724138,0.9379310344827586,0.2903225806451613,310.12372684729854,132.1349671184489,177.98875972884963,0.42607177613182334,0.5739282238681767,0.9766637285046638,True,,1528.0,4.0,0.0,0.0
10,174,dbscan,0.08,0.08,,2.0,0.4,full,551.8514404296875,-3.379064817984229,0.708564146923978,730926,310,135.29218221378633,1528.0,96.0,1432.0,0.06282722513089005,0.93717277486911,0.3096774193548387,339.58229460394864,132.18005678112792,207.40223782282072,0.3892430756299829,0.610756924370017,0.9769970046921064,True,,1528.0,1.0,0.0,0.0
10,174,dbscan,0.1,0.1,,2.0,0.4,full,551.8514404296875,-3.379064817984229,0.708564146923978,730926,310,135.29218221378633,1528.0,96.0,1432.0,0.06282722513089005,0.93717277486911,0.3096774193548387,339.58229460394864,132.18005678112792,207.40223782282072,0.3892430756299829,0.610756924370017,0.9769970046921064,True,,1528.0,1.0,0.0,0.0
10,174,fixed_dR,0.05,,0.05,,,full,551.8514404296875,-3.379064817984229,0.708564146923978,730926,310,135.29218221378633,8.0,5.0,3.0,0.625,0.375,0.016129032258064516,118.88495831897015,117.41185267379042,1.4731056451797286,0.9876089821117037,0.01239101788829633,0.8678391519197929,True,,8.0,1.0,,0.0
10,174,fixed_dR,0.08,,0.08,,,full,551.8514404296875,-3.379064817984229,0.708564146923978,730926,310,135.29218221378633,18.0,11.0,7.0,0.6111111111111112,0.38888888888888884,0.035483870967741936,130.9389447887195,125.66553048675196,5.273414301967549,0.9597261585506388,0.04027384144936119,0.9288454693426225,True,,18.0,1.0,,0.0
10,174,fixed_dR,0.1,,0.1,,,full,551.8514404296875,-3.379064817984229,0.708564146923978,730926,310,135.29218221378633,33.0,18.0,15.0,0.5454545454545454,0.4545454545454546,0.05806451612903226,138.36560127482517,128.72314014448926,9.642461130335903,0.9303117173524668,0.06968828264753324,0.9514455162019874,True,,33.0,1.0,,0.0
10,174,fixed_dR,0.15,,0.15,,,full,551.8514404296875,-3.379064817984229,0.708564146923978,730926,310,135.29218221378633,73.0,28.0,45.0,0.3835616438356164,0.6164383561643836,0.09032258064516129,150.06565711105068,130.46716555174208,19.5984915593086,0.8694005548197784,0.1305994451802216,0.9643363231851797,True,,73.0,1.0,,0.0
10,174,fixed_dR,0.2,,0.2,,,full,551.8514404296875,-3.379064817984229,0.708564146923978,730926,310,135.29218221378633,154.0,53.0,101.0,0.34415584415584416,0.6558441558441559,0.17096774193548386,175.5243653027224,131.52635248266364,43.99801282005876,0.7493338731396264,0.2506661268603736,0.9721652081480067,True,,154.0,1.0,,0.0
10,175,dbscan,0.04,0.04,,2.0,0.4,full,583.50732421875,-3.123642524453799,-2.5968082473717238,730926,1903,296.223076579349,8741.0,586.0,8155.0,0.0670403843953781,0.9329596156046219,0.30793483972674723,694.0763885498972,273.9706647742463,420.10572377565086,0.39472696275786157,0.6052730372421384,0.9248795466509107,True,,8741.0,1.0,0.0,0.0
10,175,dbscan,0.06,0.06,,2.0,0.4,full,583.50732421875,-3.123642524453799,-2.5968082473717238,730926,1903,296.223076579349,8741.0,586.0,8155.0,0.0670403843953781,0.9329596156046219,0.30793483972674723,694.0763885498972,273.9706647742463,420.10572377565086,0.39472696275786157,0.6052730372421384,0.9248795466509107,True,,8741.0,1.0,0.0,0.0
10,175,dbscan,0.08,0.08,,2.0,0.4,full,583.50732421875,-3.123642524453799,-2.5968082473717238,730926,1903,296.223076579349,8741.0,586.0,8155.0,0.0670403843953781,0.9329596156046219,0.30793483972674723,694.0763885498972,273.9706647742463,420.10572377565086,0.39472696275786157,0.6052730372421384,0.9248795466509107,True,,8741.0,1.0,0.0,0.0
10,175,dbscan,0.1,0.1,,2.0,0.4,full,583.50732421875,-3.123642524453799,-2.5968082473717238,730926,1903,296.223076579349,8741.0,586.0,8155.0,0.0670403843953781,0.9329596156046219,0.30793483972674723,694.0763885498972,273.9706647742463,420.10572377565086,0.39472696275786157,0.6052730372421384,0.9248795466509107,True,,8741.0,1.0,0.0,0.0
10,175,fixed_dR,0.05,,0.05,,,full,583.50732421875,-3.123642524453799,-2.5968082473717238,730926,1903,296.223076579349,47.0,29.0,18.0,0.6170212765957447,0.3829787234042553,0.015239096163951655,188.41472165462616,184.23221816729017,4.1825034873359925,0.9778016099240763,0.022198390075923724,0.621937427342667,True,,47.0,1.0,,0.0
10,175,fixed_dR,0.08,,0.08,,,full,583.50732421875,-3.123642524453799,-2.5968082473717238,730926,1903,296.223076579349,132.0,77.0,55.0,0.5833333333333334,0.41666666666666663,0.04046242774566474,235.46428670314924,224.55688123158797,10.907405471561276,0.9536770283753804,0.046322971624619624,0.758066805006112,True,,132.0,1.0,,0.0
10,175,fixed_dR,0.1,,0.1,,,full,583.50732421875,-3.123642524453799,-2.5968082473717238,730926,1903,296.223076579349,298.0,130.0,168.0,0.436241610738255,0.563758389261745,0.06831318970047294,264.2946582157885,242.12712413357718,22.16753408221132,0.9161256824793175,0.08387431752068253,0.8173810323272326,True,,298.0,1.0,,0.0
10,175,fixed_dR,0.15,,0.15,,,full,583.50732421875,-3.123642524453799,-2.5968082473717238,730926,1903,296.223076579349,1041.0,217.0,824.0,0.2084534101825168,0.7915465898174832,0.11403047819232791,303.2006364605386,251.5100121028339,51.69062435770468,0.8295167682986305,0.17048323170136948,0.8490561066583958,True,,1041.0,1.0,,0.0
10,175,fixed_dR,0.2,,0.2,,,full,583.50732421875,-3.123642524453799,-2.5968082473717238,730926,1903,296.223076579349,1987.0,344.0,1643.0,0.1731253145445395,0.8268746854554605,0.18076720966894377,366.65800785850405,264.68803756984016,101.96997028866389,0.7218935135653308,0.2781064864346692,0.8935429360411035,True,,1987.0,1.0,,0.0
11,288,dbscan,0.04,0.04,,2.0,0.4,full,90.68218994140625,-1.5255346632732196,-0.42072258042361205,724258,1633,89.4557130807756,9010.0,1611.0,7399.0,0.17880133185349611,0.8211986681465039,0.9865278628291488,245.76389380249094,89.16924592937829,156.59464787311265,0.3628248419641312,0.6371751580358689,0.9967976651067704,True,,9010.0,1.0,0.0,0.0
11,288,dbscan,0.06,0.06,,2.0,0.4,full,90.68218994140625,-1.5255346632732196,-0.42072258042361205,724258,1633,89.4557130807756,9010.0,1611.0,7399.0,0.17880133185349611,0.8211986681465039,0.9865278628291488,245.76389380249094,89.16924592937829,156.59464787311265,0.3628248419641312,0.6371751580358689,0.9967976651067704,True,,9010.0,1.0,0.0,0.0
11,288,dbscan,0.08,0.08,,2.0,0.4,full,90.68218994140625,-1.5255346632732196,-0.42072258042361205,724258,1633,89.4557130807756,9010.0,1611.0,7399.0,0.17880133185349611,0.8211986681465039,0.9865278628291488,245.76389380249094,89.16924592937829,156.59464787311265,0.3628248419641312,0.6371751580358689,0.9967976651067704,True,,9010.0,1.0,0.0,0.0
11,288,dbscan,0.1,0.1,,2.0,0.4,full,90.68218994140625,-1.5255346632732196,-0.42072258042361205,724258,1633,89.4557130807756,9010.0,1611.0,7399.0,0.17880133185349611,0.8211986681465039,0.9865278628291488,245.76389380249094,89.16924592937829,156.59464787311265,0.3628248419641312,0.6371751580358689,0.9967976651067704,True,,9010.0,1.0,0.0,0.0
11,288,fixed_dR,0.05,,0.05,,,full,90.68218994140625,-1.5255346632732196,-0.42072258042361205,724258,1633,89.4557130807756,1410.0,1388.0,22.0,0.9843971631205674,0.015602836879432647,0.8499693815064299,86.33604972314023,85.71922813338423,0.6168215897560003,0.9928555731732688,0.0071444268267312205,0.9582308963987863,True,,1410.0,1.0,,0.0
11,288,fixed_dR,0.08,,0.08,,,full,90.68218994140625,-1.5255346632732196,-0.42072258042361205,724258,1633,89.4557130807756,1742.0,1554.0,188.0,0.8920780711825488,0.10792192881745122,0.9516227801592162,93.8852616840264,88.35193306034381,5.533328623682593,0.9410628620037811,0.058937137996218913,0.9876611567621723,True,,1742.0,1.0,,0.0
11,288,fixed_dR,0.1,,0.1,,,full,90.68218994140625,-1.5255346632732196,-0.42072258042361205,724258,1633,89.4557130807756,1897.0,1573.0,324.0,0.8292040063257775,0.1707959936742225,0.9632578077158603,97.01346755751874,88.60631584625844,8.407151711260298,0.9133403647666161,0.08665963523338394,0.9905048296496147,True,,1897.0,1.0,,0.0
11,288,fixed_dR,0.15,,0.15,,,full,90.68218994140625,-1.5255346632732196,-0.42072258042361205,724258,1633,89.4557130807756,2181.0,1577.0,604.0,0.723062815222375,0.27693718477762497,0.9657072872014697,103.09423788554959,88.68653185308831,14.407706032461277,0.8602472230460053,0.13975277695399468,0.9914015415986597,True,,2181.0,1.0,,0.0
11,288,fixed_dR,0.2,,0.2,,,full,90.68218994140625,-1.5255346632732196,-0.42072258042361205,724258,1633,89.4557130807756,3020.0,1580.0,1440.0,0.5231788079470199,0.4768211920529801,0.9675443968156767,120.25492162776719,88.77044276291744,31.48447886484975,0.7381855275553239,0.26181447244467615,0.9923395578185221,True,,3020.0,1.0,,0.0
11,289,dbscan,0.04,0.04,,2.0,0.4,full,20.26112937927246,0.5850095969021591,2.8860924450085657,724258,694,20.692297300385576,4730.0,691.0,4039.0,0.14608879492600424,0.8539112050739958,0.9956772334293948,97.50002354449862,20.634675038829187,76.86534850566943,0.21163764159925155,0.7883623584007484,0.9972152796415062,True,,4742.0,4.0,1.0,0.0
11,289,dbscan,0.06,0.06,,2.0,0.4,full,20.26112937927246,0.5850095969021591,2.8860924450085657,724258,694,20.692297300385576,4742.0,691.0,4051.0,0.14571910586250528,0.8542808941374948,0.9956772334293948,97.74632219763589,20.634675038829187,77.1116471588067,0.21110436254683207,0.7888956374531679,0.9972152796415062,True,,4742.0,1.0,0.0,0.0
11,289,dbscan,0.08,0.08,,2.0,0.4,full,20.26112937927246,0.5850095969021591,2.8860924450085657,724258,694,20.692297300385576,4742.0,691.0,4051.0,0.14571910586250528,0.8542808941374948,0.9956772334293948,97.74632219763589,20.634675038829187,77.1116471588067,0.21110436254683207,0.7888956374531679,0.9972152796415062,True,,4742.0,1.0,0.0,0.0
11,289,dbscan,0.1,0.1,,2.0,0.4,full,20.26112937927246,0.5850095969021591,2.8860924450085657,724258,694,20.692297300385576,4742.0,691.0,4051.0,0.14571910586250528,0.8542808941374948,0.9956772334293948,97.74632219763589,20.634675038829187,77.1116471588067,0.21110436254683207,0.7888956374531679,0.9972152796415062,True,,4742.0,1.0,0.0,0.0
11,289,fixed_dR,0.05,,0.05,,,full,20.26112937927246,0.5850095969021591,2.8860924450085657,724258,694,20.692297300385576,119.0,59.0,60.0,0.4957983193277311,0.5042016806722689,0.08501440922190202,1.6165316072147107,0.7356035526754567,0.8809280545392539,0.45505052260803247,0.5449494773919675,0.03554963192326401,True,,119.0,1.0,,0.0
11,289,fixed_dR,0.08,,0.08,,,full,20.26112937927246,0.5850095969021591,2.8860924450085657,724258,694,20.692297300385576,795.0,648.0,147.0,0.8150943396226416,0.18490566037735845,0.9337175792507204,22.73135811004977,20.104856290228668,2.626501819821101,0.8844546899879292,0.1155453100120708,0.9716106432442394,True,,795.0,1.0,,0.0
11,289,fixed_dR,0.1,,0.1,,,full,20.26112937927246,0.5850095969021591,2.8860924450085657,724258,694,20.692297300385576,932.0,680.0,252.0,0.7296137339055794,0.2703862660944206,0.9798270893371758,25.081070166806967,20.472873268928993,4.608196897877974,0.8162679316619991,0.18373206833800093,0.989395859325272,True,,932.0,1.0,,0.0
11,289,fixed_dR,0.15,,0.15,,,full,20.26112937927246,0.5850095969021591,2.8860924450085657,724258,694,20.692297300385576,1299.0,689.0,610.0,0.5304080061585835,0.4695919938414165,0.9927953890489913,31.22190466133361,20.553677163636053,10.668227497697558,0.6583095229641933,0.3416904770358067,0.9933008822202192,True,,1299.0,1.0,,0.0
11,289,fixed_dR,0.2,,0.2,,,full,20.26112937927246,0.5850095969021591,2.8860924450085657,724258,694,20.692297300385576,1684.0,691.0,993.0,0.41033254156769594,0.5896674584323041,0.9956772334293948,39.08151547078887,20.634675038829187,18.446840431959686,0.5279906572264934,0.4720093427735066,0.9972152796415062,True,,1684.0,1.0,,0.0
12,185,dbscan,0.04,0.04,,2.0,0.4,full,2.1893374919891357,-0.3710392068950204,1.199718700103177,808255,97,2.07641003066783,3457.0,97.0,3360.0,0.02805901070292161,0.9719409892970784,1.0,63.26865207846822,2.07641003066783,61.19224204780039,0.03281893896036518,0.9671810610396349,1.0,True,,3641.0,6.0,2.0,0.0
12,185,dbscan,0.06,0.06,,2.0,0.4,full,2.1893374919891357,-0.3710392068950204,1.199718700103177,808255,97,2.07641003066783,3641.0,97.0,3544.0,0.026641032683328757,0.9733589673166713,1.0,66.54951567677017,2.07641003066783,64.47310564610234,0.03120097884337607,0.968799021156624,1.0,True,,3641.0,1.0,0.0,0.0
12,185,dbscan,0.08,0.08,,2.0,0.4,full,2.1893374919891357,-0.3710392068950204,1.199718700103177,808255,97,2.07641003066783,3641.0,97.0,3544.0,0.026641032683328757,0.9733589673166713,1.0,66.54951567677017,2.07641003066783,64.47310564610234,0.03120097884337607,0.968799021156624,1.0,True,,3641.0,1.0,0.0,0.0
12,185,dbscan,0.1,0.1,,2.0,0.4,full,2.1893374919891357,-0.3710392068950204,1.199718700103177,808255,97,2.07641003066783,3641.0,97.0,3544.0,0.026641032683328757,0.9733589673166713,1.0,66.54951567677017,2.07641003066783,64.47310564610234,0.03120097884337607,0.968799021156624,1.0,True,,3641.0,1.0,0.0,0.0
12,185,fixed_dR,0.05,,0.05,,,full,2.1893374919891357,-0.3710392068950204,1.199718700103177,808255,97,2.07641003066783,110.0,2.0,108.0,0.01818181818181818,0.9818181818181818,0.020618556701030927,1.937952671023595,0.015572640768368728,1.9223800302552263,0.008035614595346909,0.991964385404653,0.007499790763079748,True,,110.0,1.0,,0.0
12,185,fixed_dR,0.08,,0.08,,,full,2.1893374919891357,-0.3710392068950204,1.199718700103177,808255,97,2.07641003066783,186.0,2.0,184.0,0.010752688172043012,0.989247311827957,0.020618556701030927,3.1009976458517485,0.015572640768368728,3.08542500508338,0.005021816378738786,0.9949781836212612,0.007499790763079748,True,,186.0,1.0,,0.0
12,185,fixed_dR,0.1,,0.1,,,full,2.1893374919891357,-0.3710392068950204,1.199718700103177,808255,97,2.07641003066783,220.0,2.0,218.0,0.00909090909090909,0.990909090909091,0.020618556701030927,4.106568356992284,0.015572640768368728,4.090995716223915,0.0037921299281072672,0.9962078700718927,0.007499790763079748,True,,220.0,1.0,,0.0
12,185,fixed_dR,0.15,,0.15,,,full,2.1893374919891357,-0.3710392068950204,1.199718700103177,808255,97,2.07641003066783,431.0,2.0,429.0,0.004640371229698376,0.9953596287703016,0.020618556701030927,8.348033529618988,0.015572640768368728,8.332460888850619,0.001865426236384496,0.9981345737636155,0.007499790763079748,True,,431.0,1.0,,0.0
12,185,fixed_dR,0.2,,0.2,,,full,2.1893374919891357,-0.3710392068950204,1.199718700103177,808255,97,2.07641003066783,1023.0,2.0,1021.0,0.0019550342130987292,0.9980449657869013,0.020618556701030927,20.094353784597843,0.015572640768368728,20.078781143829474,0.0007749759427598527,0.9992250240572401,0.007499790763079748,True,,1023.0,1.0,,0.0
12,189,dbscan,0.04,0.04,,2.0,0.4,full,251.53709411621094,3.4128497145797807,1.1825018773918625,808255,11,2.5052629262170742,978.0,7.0,971.0,0.007157464212678937,0.9928425357873211,0.6363636363636364,107.98472552875282,2.423398707308479,105.56132682144434,0.02244205090527555,0.9775579490947245,0.9673231028759885,True,,1080.0,5.0,0.0,0.0
12,189,dbscan,0.06,0.06,,2.0,0.4,full,251.53709411621094,3.4128497145797807,1.1825018773918625,808255,11,2.5052629262170742,1066.0,7.0,1059.0,0.006566604127579738,0.9934333958724203,0.6363636363636364,132.6340394508832,2.423398707308479,130.21064074357471,0.018271317961373768,0.9817286820386262,0.9673231028759885,True,,1080.0,3.0,0.0,0.0
12,189,dbscan,0.08,0.08,,2.0,0.4,full,251.53709411621094,3.4128497145797807,1.1825018773918625,808255,11,2.5052629262170742,1076.0,7.0,1069.0,0.006505576208178439,0.9934944237918215,0.6363636363636364,139.37916676078856,2.423398707308479,136.95576805348009,0.01738709423817744,0.9826129057618226,0.9673231028759885,True,,1080.0,2.0,0.0,0.0
12,189,dbscan,0.1,0.1,,2.0,0.4,full,251.53709411621094,3.4128497145797807,1.1825018773918625,808255,11,2.5052629262170742,1080.0,7.0,1073.0,0.006481481481481481,0.9935185185185185,0.6363636363636364,139.91993907113027,2.423398707308479,137.4965403638218,0.01731989538729366,0.9826801046127064,0.9673231028759885,True,,1080.0,1.0,0.0,0.0
12,189,fixed_dR,0.05,,0.05,,,full,251.53709411621094,3.4128497145797807,1.1825018773918625,808255,11,2.5052629262170742,5.0,2.0,3.0,0.4,0.6,0.18181818181818182,3.0548035036539662,2.3355900952534285,0.7192134084005377,0.7645631191858137,0.23543688081418634,0.9322734435623289,True,,5.0,1.0,,0.0
12,189,fixed_dR,0.08,,0.08,,,full,251.53709411621094,3.4128497145797807,1.1825018773918625,808255,11,2.5052629262170742,9.0,3.0,6.0,0.3333333333333333,0.6666666666666667,0.2727272727272727,4.235638320632279,2.3390687988881838,1.896569521744095,0.5522352528293816,0.4477647471706184,0.9336620018642745,True,,9.0,1.0,,0.0
12,189,fixed_dR,0.1,,0.1,,,full,251.53709411621094,3.4128497145797807,1.1825018773918625,808255,11,2.5052629262170742,20.0,4.0,16.0,0.2,0.8,0.36363636363636365,11.837308100197696,2.357355279523472,9.479952820674225,0.19914622983278618,0.8008537701672138,0.940961228002946,True,,20.0,1.0,,0.0
12,189,fixed_dR,0.15,,0.15,,,full,251.53709411621094,3.4128497145797807,1.1825018773918625,808255,11,2.5052629262170742,52.0,4.0,48.0,0.07692307692307693,0.9230769230769231,0.36363636363636365,19.693058691720946,2.357355279523472,17.335703412197475,0.11970488264042574,0.8802951173595742,0.940961228002946,True,,52.0,1.0,,0.0
12,189,fixed_dR,0.2,,0.2,,,full,251.53709411621094,3.4128497145797807,1.1825018773918625,808255,11,2.5052629262170742,108.0,6.0,102.0,0.05555555555555555,0.9444444444444444,0.5454545454545454,28.827752219152167,2.3728134890456203,26.454938730106548,0.08231004176139702,0.917689958238603,0.9471315222903763,True,,108.0,1.0,,0.0
13,295,dbscan,0.04,0.04,,2.0,0.4,full,25.8580379486084,-0.23044105493767453,-2.2374461027483665,802609,774,25.95392432940571,5258.0,772.0,4486.0,0.14682388740966146,0.8531761125903385,0.9974160206718347,115.34387907821838,25.924342465987138,89.41953661223124,0.22475698470663547,0.7752430152933645,0.9988602161644953,True,,5262.0,1.0,4.0,0.0
13,295,dbscan,0.06,0.06,,2.0,0.4,full,25.8580379486084,-0.23044105493767453,-2.2374461027483665,802609,774,25.95392432940571,5262.0,772.0,4490.0,0.1467122767008742,0.8532877232991258,0.9974160206718347,115.43415925279078,25.924342465987138,89.50981678680364,0.2245812039849927,0.7754187960150073,0.9988602161644953,True,,5262.0,1.0,0.0,0.0
13,295,dbscan,0.08,0.08,,2.0,0.4,full,25.8580379486084,-0.23044105493767453,-2.2374461027483665,802609,774,25.95392432940571,5262.0,772.0,4490.0,0.1467122767008742,0.8532877232991258,0.9974160206718347,115.43415925279078,25.924342465987138,89.50981678680364,0.2245812039849927,0.7754187960150073,0.9988602161644953,True,,5262.0,1.0,0.0,0.0
13,295,dbscan,0.1,0.1,,2.0,0.4,full,25.8580379486084,-0.23044105493767453,-2.2374461027483665,802609,774,25.95392432940571,5262.0,772.0,4490.0,0.1467122767008742,0.8532877232991258,0.9974160206718347,115.43415925279078,25.924342465987138,89.50981678680364,0.2245812039849927,0.7754187960150073,0.9988602161644953,True,,5262.0,1.0,0.0,0.0
13,295,fixed_dR,0.05,,0.05,,,full,25.8580379486084,-0.23044105493767453,-2.2374461027483665,802609,774,25.95392432940571,748.0,714.0,34.0,0.9545454545454546,0.045454545454545414,0.9224806201550387,26.45563320213114,25.265129114723095,1.1905040874080441,0.9549999775733153,0.04500002242668466,0.9734608452293971,True,,748.0,1.0,,0.0
13,295,fixed_dR,0.08,,0.08,,,full,25.8580379486084,-0.23044105493767453,-2.2374461027483665,802609,774,25.95392432940571,912.0,759.0,153.0,0.8322368421052632,0.16776315789473684,0.9806201550387597,28.967676872680386,25.75614829506776,3.2115285776126257,0.8891340651261738,0.11086593487382623,0.9923797252458708,True,,912.0,1.0,,0.0
13,295,fixed_dR,0.1,,0.1,,,full,25.8580379486084,-0.23044105493767453,-2.2374461027483665,802609,774,25.95392432940571,1050.0,767.0,283.0,0.7304761904761905,0.2695238095238095,0.9909560723514211,32.39398414072639,25.86400965356006,6.529974487166328,0.7984201492845485,0.20157985071545148,0.9965356038376141,True,,1050.0,1.0,,0.0
13,295,fixed_dR,0.15,,0.15,,,full,25.8580379486084,-0.23044105493767453,-2.2374461027483665,802609,774,25.95392432940571,1399.0,772.0,627.0,0.5518227305218013,0.4481772694781987,0.9974160206718347,38.62896046713104,25.924342465987138,12.7046180011439,0.6711115741270304,0.3288884258729696,0.9988602161644953,True,,1399.0,1.0,,0.0
13,295,fixed_dR,0.2,,0.2,,,full,25.8580379486084,-0.23044105493767453,-2.2374461027483665,802609,774,25.95392432940571,1736.0,772.0,964.0,0.4447004608294931,0.5552995391705069,0.9974160206718347,43.95145356703324,25.924342465987138,18.027111101046103,0.5898403889293041,0.4101596110706959,0.9988602161644953,True,,1736.0,1.0,,0.0
13,303,dbscan,0.04,0.04,,2.0,0.4,full,36.67327880859375,-1.012758072850385,0.4329709983803839,802609,1057,37.74805718873358,6074.0,1022.0,5052.0,0.16825814948962792,0.8317418505103721,0.9668874172185431,141.97523125785372,37.293394610060204,104.68183664779352,0.26267535738208014,0.7373246426179199,0.987955338299925,True,,6074.0,1.0,0.0,0.0
13,303,dbscan,0.06,0.06,,2.0,0.4,full,36.67327880859375,-1.012758072850385,0.4329709983803839,802609,1057,37.74805718873358,6074.0,1022.0,5052.0,0.16825814948962792,0.8317418505103721,0.9668874172185431,141.97523125785372,37.293394610060204,104.68183664779352,0.26267535738208014,0.7373246426179199,0.987955338299925,True,,6074.0,1.0,0.0,0.0
13,303,dbscan,0.08,0.08,,2.0,0.4,full,36.67327880859375,-1.012758072850385,0.4329709983803839,802609,1057,37.74805718873358,6074.0,1022.0,5052.0,0.16825814948962792,0.8317418505103721,0.9668874172185431,141.97523125785372,37.293394610060204,104.68183664779352,0.26267535738208014,0.7373246426179199,0.987955338299925,True,,6074.0,1.0,0.0,0.0
13,303,dbscan,0.1,0.1,,2.0,0.4,full,36.67327880859375,-1.012758072850385,0.4329709983803839,802609,1057,37.74805718873358,6074.0,1022.0,5052.0,0.16825814948962792,0.8317418505103721,0.9668874172185431,141.97523125785372,37.293394610060204,104.68183664779352,0.26267535738208014,0.7373246426179199,0.987955338299925,True,,6074.0,1.0,0.0,0.0
13,303,fixed_dR,0.05,,0.05,,,full,36.67327880859375,-1.012758072850385,0.4329709983803839,802609,1057,37.74805718873358,997.0,948.0,49.0,0.950852557673019,0.049147442326980983,0.8968779564806055,37.471054761226696,36.523260067588126,0.9477946936385706,0.9747059510419945,0.025294048958005466,0.9675533732763599,True,,997.0,1.0,,0.0
13,303,fixed_dR,0.08,,0.08,,,full,36.67327880859375,-1.012758072850385,0.4329709983803839,802609,1057,37.74805718873358,1179.0,1015.0,164.0,0.8608990670059372,0.1391009329940628,0.9602649006622517,40.160268813087896,37.24117764086259,2.9190911722253077,0.9273139533549636,0.07268604664503642,0.9865720361358815,True,,1179.0,1.0,,0.0
13,303,fixed_dR,0.1,,0.1,,,full,36.67327880859375,-1.012758072850385,0.4329709983803839,802609,1057,37.74805718873358,1345.0,1020.0,325.0,0.758364312267658,0.241635687732342,0.9649952696310312,43.479069883087504,37.28208254360652,6.196987339480984,0.8574719432558172,0.14252805674418279,0.9876556654877026,True,,1345.0,1.0,,0.0
13,303,fixed_dR,0.15,,0.15,,,full,36.67327880859375,-1.012758072850385,0.4329709983803839,802609,1057,37.74805718873358,1603.0,1022.0,581.0,0.6375545851528385,0.36244541484716153,0.9668874172185431,49.158041042693,37.293394610060204,11.864646432632796,0.7586428144618592,0.24135718553814078,0.987955338299925,True,,1603.0,1.0,,0.0
13,303,fixed_dR,0.2,,0.2,,,full,36.67327880859375,-1.012758072850385,0.4329709983803839,802609,1057,37.74805718873358,2141.0,1022.0,1119.0,0.4773470340962167,0.5226529659037833,0.9668874172185431,61.454292685139805,37.293394610060204,24.1608980750796,0.6068476745982967,0.3931523254017033,0.987955338299925,True,,2141.0,1.0,,0.0
14,439,dbscan,0.04,0.04,,2.0,0.4,full,5.869543075561523,0.6557339794432561,-3.069988026953719,755621,259,5.708816715286957,3737.0,259.0,3478.0,0.06930693069306931,0.9306930693069306,1.0,71.99985723467762,5.708816715286957,66.29104051939066,0.07928927826453236,0.9207107217354676,1.0,True,,3741.0,2.0,1.0,0.0
14,439,dbscan,0.06,0.06,,2.0,0.4,full,5.869543075561523,0.6557339794432561,-3.069988026953719,755621,259,5.708816715286957,3741.0,259.0,3482.0,0.06923282544774124,0.9307671745522588,1.0,72.05024901772049,5.708816715286957,66.34143230243353,0.07923382352062233,0.9207661764793776,1.0,True,,3741.0,1.0,0.0,0.0
14,439,dbscan,0.08,0.08,,2.0,0.4,full,5.869543075561523,0.6557339794432561,-3.069988026953719,755621,259,5.708816715286957,3741.0,259.0,3482.0,0.06923282544774124,0.9307671745522588,1.0,72.05024901772049,5.708816715286957,66.34143230243353,0.07923382352062233,0.9207661764793776,1.0,True,,3741.0,1.0,0.0,0.0
14,439,dbscan,0.1,0.1,,2.0,0.4,full,5.869543075561523,0.6557339794432561,-3.069988026953719,755621,259,5.708816715286957,3741.0,259.0,3482.0,0.06923282544774124,0.9307671745522588,1.0,72.05024901772049,5.708816715286957,66.34143230243353,0.07923382352062233,0.9207661764793776,1.0,True,,3741.0,1.0,0.0,0.0
14,439,fixed_dR,0.05,,0.05,,,full,5.869543075561523,0.6557339794432561,-3.069988026953719,755621,259,5.708816715286957,63.0,5.0,58.0,0.07936507936507936,0.9206349206349207,0.019305019305019305,1.0155867442335875,0.04868609166805982,0.9669006525655277,0.04793888059734452,0.9520611194026555,0.008528228194415342,True,,63.0,1.0,,0.0
14,439,fixed_dR,0.08,,0.08,,,full,5.869543075561523,0.6557339794432561,-3.069988026953719,755621,259,5.708816715286957,218.0,74.0,144.0,0.3394495412844037,0.6605504587155964,0.2857142857142857,4.143101949239281,1.5063969662151067,2.636704983024174,0.3635915757495897,0.6364084242504102,0.26387201434954227,True,,218.0,1.0,,0.0
14,439,fixed_dR,0.1,,0.1,,,full,5.869543075561523,0.6557339794432561,-3.069988026953719,755621,259,5.708816715286957,390.0,77.0,313.0,0.19743589743589743,0.8025641025641026,0.2972972972972973,8.020562411184073,1.53788467277991,6.482677738404163,0.19174274744567102,0.808257252554329,0.26938764186662234,True,,390.0,1.0,,0.0
14,439,fixed_dR,0.15,,0.15,,,full,5.869543075561523,0.6557339794432561,-3.069988026953719,755621,259,5.708816715286957,740.0,85.0,655.0,0.11486486486486487,0.8851351351351351,0.3281853281853282,14.171484568578308,1.6385651630116627,12.532919405566645,0.11562410099537261,0.8843758990046274,0.28702360659503134,True,,740.0,1.0,,0.0
14,439,fixed_dR,0.2,,0.2,,,full,5.869543075561523,0.6557339794432561,-3.069988026953719,755621,259,5.708816715286957,1378.0,254.0,1124.0,0.18432510885341075,0.8156748911465892,0.9806949806949807,26.281951690771166,5.657646246618242,20.624305444152924,0.21526735583358175,0.7847326441664182,0.9910365893282768,True,,1378.0,1.0,,0.0
14,560,dbscan,0.04,0.04,,2.0,0.4,full,152.41116333007812,3.921794780845022,-2.401791376979442,755621,0,0.0,,,,,,,,,,,,,False,target_has_no_calo_hits,,,,
14,560,dbscan,0.06,0.06,,2.0,0.4,full,152.41116333007812,3.921794780845022,-2.401791376979442,755621,0,0.0,,,,,,,,,,,,,False,target_has_no_calo_hits,,,,
14,560,dbscan,0.08,0.08,,2.0,0.4,full,152.41116333007812,3.921794780845022,-2.401791376979442,755621,0,0.0,,,,,,,,,,,,,False,target_has_no_calo_hits,,,,
14,560,dbscan,0.1,0.1,,2.0,0.4,full,152.41116333007812,3.921794780845022,-2.401791376979442,755621,0,0.0,,,,,,,,,,,,,False,target_has_no_calo_hits,,,,
14,560,fixed_dR,0.05,,0.05,,,full,152.41116333007812,3.921794780845022,-2.401791376979442,755621,0,0.0,,,,,,,,,,,,,False,target_has_no_calo_hits,,,,
14,560,fixed_dR,0.08,,0.08,,,full,152.41116333007812,3.921794780845022,-2.401791376979442,755621,0,0.0,,,,,,,,,,,,,False,target_has_no_calo_hits,,,,
14,560,fixed_dR,0.1,,0.1,,,full,152.41116333007812,3.921794780845022,-2.401791376979442,755621,0,0.0,,,,,,,,,,,,,False,target_has_no_calo_hits,,,,
14,560,fixed_dR,0.15,,0.15,,,full,152.41116333007812,3.921794780845022,-2.401791376979442,755621,0,0.0,,,,,,,,,,,,,False,target_has_no_calo_hits,,,,
14,560,fixed_dR,0.2,,0.2,,,full,152.41116333007812,3.921794780845022,-2.401791376979442,755621,0,0.0,,,,,,,,,,,,,False,target_has_no_calo_hits,,,,
14,561,dbscan,0.04,0.04,,2.0,0.4,full,33.37899398803711,0.16917210063717303,2.3438389843785368,755621,806,33.76512408949566,3489.0,806.0,2683.0,0.23101175121811407,0.768988248781886,1.0,83.65061261844858,33.76512408949566,49.88548852895292,0.4036446719584333,0.5963553280415668,1.0,True,,3854.0,3.0,4.0,0.0
14,561,dbscan,0.06,0.06,,2.0,0.4,full,33.37899398803711,0.16917210063717303,2.3438389843785368,755621,806,33.76512408949566,3854.0,806.0,3048.0,0.20913336792942397,0.7908666320705761,1.0,90.59822844712471,33.76512408949566,56.833104357629054,0.3726907762793816,0.6273092237206184,1.0,True,,3854.0,1.0,0.0,0.0
14,561,dbscan,0.08,0.08,,2.0,0.4,full,33.37899398803711,0.16917210063717303,2.3438389843785368,755621,806,33.76512408949566,3854.0,806.0,3048.0,0.20913336792942397,0.7908666320705761,1.0,90.59822844712471,33.76512408949566,56.833104357629054,0.3726907762793816,0.6273092237206184,1.0,True,,3854.0,1.0,0.0,0.0
14,561,dbscan,0.1,0.1,,2.0,0.4,full,33.37899398803711,0.16917210063717303,2.3438389843785368,755621,806,33.76512408949566,3854.0,806.0,3048.0,0.20913336792942397,0.7908666320705761,1.0,90.59822844712471,33.76512408949566,56.833104357629054,0.3726907762793816,0.6273092237206184,1.0,True,,3854.0,1.0,0.0,0.0
14,561,fixed_dR,0.05,,0.05,,,full,33.37899398803711,0.16917210063717303,2.3438389843785368,755621,806,33.76512408949566,139.0,114.0,25.0,0.8201438848920863,0.17985611510791366,0.141439205955335,1.8144982556350442,1.5036061235605302,0.31089213207451394,0.8286622039403907,0.1713377960596093,0.04453133711504122,True,,139.0,1.0,,0.0
14,561,fixed_dR,0.08,,0.08,,,full,33.37899398803711,0.16917210063717303,2.3438389843785368,755621,806,33.76512408949566,836.0,748.0,88.0,0.8947368421052632,0.10526315789473684,0.9280397022332506,34.835457420567764,32.94295028426859,1.892507136299173,0.9456729643750339,0.0543270356249661,0.9756502063179787,True,,836.0,1.0,,0.0
14,561,fixed_dR,0.1,,0.1,,,full,33.37899398803711,0.16917210063717303,2.3438389843785368,755621,806,33.76512408949566,947.0,794.0,153.0,0.8384371700105596,0.16156282998944038,0.9851116625310173,36.7191801899844,33.62459809077336,3.0945820992110384,0.915723006799179,0.08427699320082105,0.9958381317258059,True,,947.0,1.0,,0.0
14,561,fixed_dR,0.15,,0.15,,,full,33.37899398803711,0.16917210063717303,2.3438389843785368,755621,806,33.76512408949566,1210.0,806.0,404.0,0.6661157024793388,0.3338842975206612,1.0,40.77646058789469,33.76512408949566,7.011336498399032,0.8280543137557043,0.17194568624429574,1.0,True,,1210.0,1.0,,0.0
14,561,fixed_dR,0.2,,0.2,,,full,33.37899398803711,0.16917210063717303,2.3438389843785368,755621,806,33.76512408949566,1578.0,806.0,772.0,0.5107731305449936,0.4892268694550064,1.0,46.81016705551883,33.76512408949566,13.045042966023175,0.7213203073906742,0.2786796926093258,1.0,True,,1578.0,1.0,,0.0
15,41,dbscan,0.04,0.04,,2.0,0.4,full,463.3952941894531,4.291504712632143,-1.1245544044305364,879290,0,0.0,,,,,,,,,,,,,False,target_has_no_calo_hits,,,,
15,41,dbscan,0.06,0.06,,2.0,0.4,full,463.3952941894531,4.291504712632143,-1.1245544044305364,879290,0,0.0,,,,,,,,,,,,,False,target_has_no_calo_hits,,,,
15,41,dbscan,0.08,0.08,,2.0,0.4,full,463.3952941894531,4.291504712632143,-1.1245544044305364,879290,0,0.0,,,,,,,,,,,,,False,target_has_no_calo_hits,,,,
15,41,dbscan,0.1,0.1,,2.0,0.4,full,463.3952941894531,4.291504712632143,-1.1245544044305364,879290,0,0.0,,,,,,,,,,,,,False,target_has_no_calo_hits,,,,
15,41,fixed_dR,0.05,,0.05,,,full,463.3952941894531,4.291504712632143,-1.1245544044305364,879290,0,0.0,,,,,,,,,,,,,False,target_has_no_calo_hits,,,,
15,41,fixed_dR,0.08,,0.08,,,full,463.3952941894531,4.291504712632143,-1.1245544044305364,879290,0,0.0,,,,,,,,,,,,,False,target_has_no_calo_hits,,,,
15,41,fixed_dR,0.1,,0.1,,,full,463.3952941894531,4.291504712632143,-1.1245544044305364,879290,0,0.0,,,,,,,,,,,,,False,target_has_no_calo_hits,,,,
15,41,fixed_dR,0.15,,0.15,,,full,463.3952941894531,4.291504712632143,-1.1245544044305364,879290,0,0.0,,,,,,,,,,,,,False,target_has_no_calo_hits,,,,
15,41,fixed_dR,0.2,,0.2,,,full,463.3952941894531,4.291504712632143,-1.1245544044305364,879290,0,0.0,,,,,,,,,,,,,False,target_has_no_calo_hits,,,,
15,42,dbscan,0.04,0.04,,2.0,0.4,full,1996.8695068359375,5.75243807724181,2.0170384056007373,879290,0,0.0,,,,,,,,,,,,,False,target_has_no_calo_hits,,,,
15,42,dbscan,0.06,0.06,,2.0,0.4,full,1996.8695068359375,5.75243807724181,2.0170384056007373,879290,0,0.0,,,,,,,,,,,,,False,target_has_no_calo_hits,,,,
15,42,dbscan,0.08,0.08,,2.0,0.4,full,1996.8695068359375,5.75243807724181,2.0170384056007373,879290,0,0.0,,,,,,,,,,,,,False,target_has_no_calo_hits,,,,
15,42,dbscan,0.1,0.1,,2.0,0.4,full,1996.8695068359375,5.75243807724181,2.0170384056007373,879290,0,0.0,,,,,,,,,,,,,False,target_has_no_calo_hits,,,,
15,42,fixed_dR,0.05,,0.05,,,full,1996.8695068359375,5.75243807724181,2.0170384056007373,879290,0,0.0,,,,,,,,,,,,,False,target_has_no_calo_hits,,,,
15,42,fixed_dR,0.08,,0.08,,,full,1996.8695068359375,5.75243807724181,2.0170384056007373,879290,0,0.0,,,,,,,,,,,,,False,target_has_no_calo_hits,,,,
15,42,fixed_dR,0.1,,0.1,,,full,1996.8695068359375,5.75243807724181,2.0170384056007373,879290,0,0.0,,,,,,,,,,,,,False,target_has_no_calo_hits,,,,
15,42,fixed_dR,0.15,,0.15,,,full,1996.8695068359375,5.75243807724181,2.0170384056007373,879290,0,0.0,,,,,,,,,,,,,False,target_has_no_calo_hits,,,,
15,42,fixed_dR,0.2,,0.2,,,full,1996.8695068359375,5.75243807724181,2.0170384056007373,879290,0,0.0,,,,,,,,,,,,,False,target_has_no_calo_hits,,,,
16,663,dbscan,0.04,0.04,,2.0,0.4,full,0.6737287640571594,-1.2059118457427138,-1.2195066411605346,695463,38,0.5601323175927972,3808.0,0.0,3808.0,0.0,1.0,0.0,79.28137669207717,0.0,79.28137669207717,0.0,1.0,0.0,True,,3824.0,2.0,1.0,0.0
16,663,dbscan,0.06,0.06,,2.0,0.4,full,0.6737287640571594,-1.2059118457427138,-1.2195066411605346,695463,38,0.5601323175927972,3824.0,0.0,3824.0,0.0,1.0,0.0,79.50959050588426,0.0,79.50959050588426,0.0,1.0,0.0,True,,3824.0,1.0,0.0,0.0
16,663,dbscan,0.08,0.08,,2.0,0.4,full,0.6737287640571594,-1.2059118457427138,-1.2195066411605346,695463,38,0.5601323175927972,3824.0,0.0,3824.0,0.0,1.0,0.0,79.50959050588426,0.0,79.50959050588426,0.0,1.0,0.0,True,,3824.0,1.0,0.0,0.0
16,663,dbscan,0.1,0.1,,2.0,0.4,full,0.6737287640571594,-1.2059118457427138,-1.2195066411605346,695463,38,0.5601323175927972,3824.0,0.0,3824.0,0.0,1.0,0.0,79.50959050588426,0.0,79.50959050588426,0.0,1.0,0.0,True,,3824.0,1.0,0.0,0.0
16,663,fixed_dR,0.05,,0.05,,,full,0.6737287640571594,-1.2059118457427138,-1.2195066411605346,695463,38,0.5601323175927972,78.0,0.0,78.0,0.0,1.0,0.0,1.2535729029877984,0.0,1.2535729029877984,0.0,1.0,0.0,True,,78.0,1.0,,0.0
16,663,fixed_dR,0.08,,0.08,,,full,0.6737287640571594,-1.2059118457427138,-1.2195066411605346,695463,38,0.5601323175927972,272.0,0.0,272.0,0.0,1.0,0.0,5.598856217056891,0.0,5.598856217056891,0.0,1.0,0.0,True,,272.0,1.0,,0.0
16,663,fixed_dR,0.1,,0.1,,,full,0.6737287640571594,-1.2059118457427138,-1.2195066411605346,695463,38,0.5601323175927972,382.0,0.0,382.0,0.0,1.0,0.0,7.425438313794075,0.0,7.425438313794075,0.0,1.0,0.0,True,,382.0,1.0,,0.0
16,663,fixed_dR,0.15,,0.15,,,full,0.6737287640571594,-1.2059118457427138,-1.2195066411605346,695463,38,0.5601323175927972,781.0,0.0,781.0,0.0,1.0,0.0,14.769211935163185,0.0,14.769211935163185,0.0,1.0,0.0,True,,781.0,1.0,,0.0
16,663,fixed_dR,0.2,,0.2,,,full,0.6737287640571594,-1.2059118457427138,-1.2195066411605346,695463,38,0.5601323175927972,1253.0,0.0,1253.0,0.0,1.0,0.0,23.730657871665972,0.0,23.730657871665972,0.0,1.0,0.0,True,,1253.0,1.0,,0.0
16,704,dbscan,0.04,0.04,,2.0,0.4,full,301.6650390625,2.650772263099465,1.9721041034684834,695463,3874,308.4487934460344,20609.0,3840.0,16769.0,0.18632636226891164,0.8136736377310884,0.9912235415591121,760.6372963113577,307.8652576082308,452.77203870312684,0.4047464660242086,0.5952535339757914,0.9981081597652426,True,,20609.0,1.0,0.0,0.0
16,704,dbscan,0.06,0.06,,2.0,0.4,full,301.6650390625,2.650772263099465,1.9721041034684834,695463,3874,308.4487934460344,20609.0,3840.0,16769.0,0.18632636226891164,0.8136736377310884,0.9912235415591121,760.6372963113577,307.8652576082308,452.77203870312684,0.4047464660242086,0.5952535339757914,0.9981081597652426,True,,20609.0,1.0,0.0,0.0
16,704,dbscan,0.08,0.08,,2.0,0.4,full,301.6650390625,2.650772263099465,1.9721041034684834,695463,3874,308.4487934460344,20609.0,3840.0,16769.0,0.18632636226891164,0.8136736377310884,0.9912235415591121,760.6372963113577,307.8652576082308,452.77203870312684,0.4047464660242086,0.5952535339757914,0.9981081597652426,True,,20609.0,1.0,0.0,0.0
16,704,dbscan,0.1,0.1,,2.0,0.4,full,301.6650390625,2.650772263099465,1.9721041034684834,695463,3874,308.4487934460344,20609.0,3840.0,16769.0,0.18632636226891164,0.8136736377310884,0.9912235415591121,760.6372963113577,307.8652576082308,452.77203870312684,0.4047464660242086,0.5952535339757914,0.9981081597652426,True,,20609.0,1.0,0.0,0.0
16,704,fixed_dR,0.05,,0.05,,,full,301.6650390625,2.650772263099465,1.9721041034684834,695463,3874,308.4487934460344,2028.0,1872.0,156.0,0.9230769230769231,0.07692307692307687,0.48322147651006714,291.0425012213375,279.4801510945333,11.562350126804176,0.960272640324751,0.039727359675248985,0.9060828151478265,True,,2028.0,1.0,,0.0
16,704,fixed_dR,0.08,,0.08,,,full,301.6650390625,2.650772263099465,1.9721041034684834,695463,3874,308.4487934460344,3417.0,2810.0,607.0,0.8223587942639743,0.1776412057360257,0.7253484770263294,322.24208150572485,294.26533740038076,27.976744105344096,0.9131809725948314,0.08681902740516856,0.9540168211157708,True,,3417.0,1.0,,0.0
16,704,fixed_dR,0.1,,0.1,,,full,301.6650390625,2.650772263099465,1.9721041034684834,695463,3874,308.4487934460344,4192.0,3155.0,1037.0,0.7526240458015268,0.24737595419847325,0.8144037170882809,338.7620097611755,298.94996588593824,39.81204387523724,0.8824778377501526,0.11752216224984735,0.9692045235321757,True,,4192.0,1.0,,0.0
16,704,fixed_dR,0.15,,0.15,,,full,301.6650390625,2.650772263099465,1.9721041034684834,695463,3874,308.4487934460344,5860.0,3591.0,2269.0,0.6127986348122867,0.3872013651877133,0.9269488900361383,379.4718191570257,304.675050301332,74.7967688556937,0.8028924281601456,0.1971075718398544,0.9877654144710971,True,,5860.0,1.0,,0.0
16,704,fixed_dR,0.2,,0.2,,,full,301.6650390625,2.650772263099465,1.9721041034684834,695463,3874,308.4487934460344,7768.0,3738.0,4030.0,0.4812049433573635,0.5187950566426365,0.9648941662364481,430.9233426121875,306.32953394634694,124.59380866584058,0.710867812565982,0.28913218743401803,0.9931292987856727,True,,7768.0,1.0,,0.0
16,705,dbscan,0.04,0.04,,2.0,0.4,full,405.91021728515625,2.4339615467028413,0.019340261260205882,695463,4676,414.3125403443649,22684.0,4656.0,18028.0,0.2052548051490037,0.7947451948509963,0.9957228400342173,860.7861679273279,414.09897645364913,446.6871914736788,0.48107066758606365,0.5189293324139364,0.999484534331164,True,,22684.0,1.0,0.0,0.0
16,705,dbscan,0.06,0.06,,2.0,0.4,full,405.91021728515625,2.4339615467028413,0.019340261260205882,695463,4676,414.3125403443649,22684.0,4656.0,18028.0,0.2052548051490037,0.7947451948509963,0.9957228400342173,860.7861679273279,414.09897645364913,446.6871914736788,0.48107066758606365,0.5189293324139364,0.999484534331164,True,,22684.0,1.0,0.0,0.0
16,705,dbscan,0.08,0.08,,2.0,0.4,full,405.91021728515625,2.4339615467028413,0.019340261260205882,695463,4676,414.3125403443649,22684.0,4656.0,18028.0,0.2052548051490037,0.7947451948509963,0.9957228400342173,860.7861679273279,414.09897645364913,446.6871914736788,0.48107066758606365,0.5189293324139364,0.999484534331164,True,,22684.0,1.0,0.0,0.0
16,705,dbscan,0.1,0.1,,2.0,0.4,full,405.91021728515625,2.4339615467028413,0.019340261260205882,695463,4676,414.3125403443649,22684.0,4656.0,18028.0,0.2052548051490037,0.7947451948509963,0.9957228400342173,860.7861679273279,414.09897645364913,446.6871914736788,0.48107066758606365,0.5189293324139364,0.999484534331164,True,,22684.0,1.0,0.0,0.0
16,705,fixed_dR,0.05,,0.05,,,full,405.91021728515625,2.4339615467028413,0.019340261260205882,695463,4676,414.3125403443649,2777.0,2575.0,202.0,0.9272596326971552,0.07274036730284483,0.5506843455945253,394.2798553319703,385.66395871283805,8.61589661913223,0.9781477635678902,0.021852236432109762,0.9308527286967588,True,,2777.0,1.0,,0.0
16,705,fixed_dR,0.08,,0.08,,,full,405.91021728515625,2.4339615467028413,0.019340261260205882,695463,4676,414.3125403443649,4195.0,3691.0,504.0,0.8798569725864124,0.12014302741358762,0.789349871685201,419.0027537496062,401.662638284913,17.340115464693213,0.9586157482032789,0.04138425179672112,0.9694677306920576,True,,4195.0,1.0,,0.0
16,705,fixed_dR,0.1,,0.1,,,full,405.91021728515625,2.4339615467028413,0.019340261260205882,695463,4676,414.3125403443649,5162.0,4037.0,1125.0,0.7820612165827199,0.21793878341728012,0.863344739093242,443.2526356757611,406.2385570728666,37.01407860289447,0.9164943970463602,0.08350560295363985,0.9805123367378951,True,,5162.0,1.0,,0.0
16,705,fixed_dR,0.15,,0.15,,,full,405.91021728515625,2.4339615467028413,0.019340261260205882,695463,4676,414.3125403443649,7694.0,4452.0,3242.0,0.5786327008058227,0.42136729919417726,0.9520958083832335,498.4084308230882,411.39957631152885,87.00885451155938,0.8254265996907997,0.17457340030920032,0.9929691627716244,True,,7694.0,1.0,,0.0
16,705,fixed_dR,0.2,,0.2,,,full,405.91021728515625,2.4339615467028413,0.019340261260205882,695463,4676,414.3125403443649,10536.0,4584.0,5952.0,0.43507972665148065,0.5649202733485194,0.9803250641573995,565.078869596445,412.9442877536983,152.13458184274668,0.7307728353895189,0.26922716461048113,0.9966975351759101,True,,10536.0,1.0,,0.0
17,290,dbscan,0.04,0.04,,2.0,0.4,full,0.7790734767913818,0.11574403437870327,2.8205279555876035,654580,35,0.750490336031362,2713.0,0.0,2713.0,0.0,1.0,0.0,46.99996773611019,0.0,46.99996773611019,0.0,1.0,0.0,True,,3113.0,6.0,5.0,0.0
17,290,dbscan,0.06,0.06,,2.0,0.4,full,0.7790734767913818,0.11574403437870327,2.8205279555876035,654580,35,0.750490336031362,3113.0,0.0,3113.0,0.0,1.0,0.0,53.36203021120127,0.0,53.36203021120127,0.0,1.0,0.0,True,,3113.0,1.0,0.0,0.0
17,290,dbscan,0.08,0.08,,2.0,0.4,full,0.7790734767913818,0.11574403437870327,2.8205279555876035,654580,35,0.750490336031362,3113.0,0.0,3113.0,0.0,1.0,0.0,53.36203021120127,0.0,53.36203021120127,0.0,1.0,0.0,True,,3113.0,1.0,0.0,0.0
17,290,dbscan,0.1,0.1,,2.0,0.4,full,0.7790734767913818,0.11574403437870327,2.8205279555876035,654580,35,0.750490336031362,3113.0,0.0,3113.0,0.0,1.0,0.0,53.36203021120127,0.0,53.36203021120127,0.0,1.0,0.0,True,,3113.0,1.0,0.0,0.0
17,290,fixed_dR,0.05,,0.05,,,full,0.7790734767913818,0.11574403437870327,2.8205279555876035,654580,35,0.750490336031362,35.0,0.0,35.0,0.0,1.0,0.0,0.42956889160450373,0.0,0.42956889160450373,0.0,1.0,0.0,True,,35.0,1.0,,0.0
17,290,fixed_dR,0.08,,0.08,,,full,0.7790734767913818,0.11574403437870327,2.8205279555876035,654580,35,0.750490336031362,193.0,0.0,193.0,0.0,1.0,0.0,3.721542138036966,0.0,3.721542138036966,0.0,1.0,0.0,True,,193.0,1.0,,0.0
17,290,fixed_dR,0.1,,0.1,,,full,0.7790734767913818,0.11574403437870327,2.8205279555876035,654580,35,0.750490336031362,230.0,0.0,230.0,0.0,1.0,0.0,4.219312556369914,0.0,4.219312556369914,0.0,1.0,0.0,True,,230.0,1.0,,0.0
17,290,fixed_dR,0.15,,0.15,,,full,0.7790734767913818,0.11574403437870327,2.8205279555876035,654580,35,0.750490336031362,424.0,0.0,424.0,0.0,1.0,0.0,7.418151967767699,0.0,7.418151967767699,0.0,1.0,0.0,True,,424.0,1.0,,0.0
17,290,fixed_dR,0.2,,0.2,,,full,0.7790734767913818,0.11574403437870327,2.8205279555876035,654580,35,0.750490336031362,749.0,0.0,749.0,0.0,1.0,0.0,13.08837429369305,0.0,13.08837429369305,0.0,1.0,0.0,True,,749.0,1.0,,0.0
17,297,dbscan,0.04,0.04,,2.0,0.4,full,808.1326293945312,3.775625833879974,-1.9407142955186159,654580,0,0.0,,,,,,,,,,,,,False,target_has_no_calo_hits,,,,
17,297,dbscan,0.06,0.06,,2.0,0.4,full,808.1326293945312,3.775625833879974,-1.9407142955186159,654580,0,0.0,,,,,,,,,,,,,False,target_has_no_calo_hits,,,,
17,297,dbscan,0.08,0.08,,2.0,0.4,full,808.1326293945312,3.775625833879974,-1.9407142955186159,654580,0,0.0,,,,,,,,,,,,,False,target_has_no_calo_hits,,,,
17,297,dbscan,0.1,0.1,,2.0,0.4,full,808.1326293945312,3.775625833879974,-1.9407142955186159,654580,0,0.0,,,,,,,,,,,,,False,target_has_no_calo_hits,,,,
17,297,fixed_dR,0.05,,0.05,,,full,808.1326293945312,3.775625833879974,-1.9407142955186159,654580,0,0.0,,,,,,,,,,,,,False,target_has_no_calo_hits,,,,
17,297,fixed_dR,0.08,,0.08,,,full,808.1326293945312,3.775625833879974,-1.9407142955186159,654580,0,0.0,,,,,,,,,,,,,False,target_has_no_calo_hits,,,,
17,297,fixed_dR,0.1,,0.1,,,full,808.1326293945312,3.775625833879974,-1.9407142955186159,654580,0,0.0,,,,,,,,,,,,,False,target_has_no_calo_hits,,,,
17,297,fixed_dR,0.15,,0.15,,,full,808.1326293945312,3.775625833879974,-1.9407142955186159,654580,0,0.0,,,,,,,,,,,,,False,target_has_no_calo_hits,,,,
17,297,fixed_dR,0.2,,0.2,,,full,808.1326293945312,3.775625833879974,-1.9407142955186159,654580,0,0.0,,,,,,,,,,,,,False,target_has_no_calo_hits,,,,
18,336,dbscan,0.04,0.04,,2.0,0.4,full,58.52124786376953,-1.223228701468294,-0.5792594968441811,817653,1243,58.28954312345577,6891.0,1238.0,5653.0,0.1796546219706864,0.8203453780293136,0.99597747385358,185.39894261275077,58.258559637374674,127.1403829753761,0.31423350541465256,0.6857664945853474,0.9994684554995485,True,,6891.0,1.0,0.0,0.0
18,336,dbscan,0.06,0.06,,2.0,0.4,full,58.52124786376953,-1.223228701468294,-0.5792594968441811,817653,1243,58.28954312345577,6891.0,1238.0,5653.0,0.1796546219706864,0.8203453780293136,0.99597747385358,185.39894261275077,58.258559637374674,127.1403829753761,0.31423350541465256,0.6857664945853474,0.9994684554995485,True,,6891.0,1.0,0.0,0.0
18,336,dbscan,0.08,0.08,,2.0,0.4,full,58.52124786376953,-1.223228701468294,-0.5792594968441811,817653,1243,58.28954312345577,6891.0,1238.0,5653.0,0.1796546219706864,0.8203453780293136,0.99597747385358,185.39894261275077,58.258559637374674,127.1403829753761,0.31423350541465256,0.6857664945853474,0.9994684554995485,True,,6891.0,1.0,0.0,0.0
18,336,dbscan,0.1,0.1,,2.0,0.4,full,58.52124786376953,-1.223228701468294,-0.5792594968441811,817653,1243,58.28954312345577,6891.0,1238.0,5653.0,0.1796546219706864,0.8203453780293136,0.99597747385358,185.39894261275077,58.258559637374674,127.1403829753761,0.31423350541465256,0.6857664945853474,0.9994684554995485,True,,6891.0,1.0,0.0,0.0
18,336,fixed_dR,0.05,,0.05,,,full,58.52124786376953,-1.223228701468294,-0.5792594968441811,817653,1243,58.28954312345577,1418.0,1134.0,284.0,0.7997179125528914,0.20028208744710863,0.912308930008045,66.52480154239129,57.17906768561534,9.34573385677595,0.859515043410981,0.14048495658901905,0.980948976808954,True,,1418.0,1.0,,0.0
18,336,fixed_dR,0.08,,0.08,,,full,58.52124786376953,-1.223228701468294,-0.5792594968441811,817653,1243,58.28954312345577,1602.0,1221.0,381.0,0.7621722846441947,0.23782771535580527,0.9823008849557522,70.07763077335767,58.109842607814244,11.967788165543425,0.8292209934401296,0.17077900655987044,0.9969171054358597,True,,1602.0,1.0,,0.0
18,336,fixed_dR,0.1,,0.1,,,full,58.52124786376953,-1.223228701468294,-0.5792594968441811,817653,1243,58.28954312345577,1769.0,1232.0,537.0,0.6964386659129451,0.3035613340870549,0.9911504424778761,73.5531716668429,58.2238397278843,15.329331938958603,0.7915884306336591,0.20841156936634087,0.9988728099063615,True,,1769.0,1.0,,0.0
18,336,fixed_dR,0.15,,0.15,,,full,58.52124786376953,-1.223228701468294,-0.5792594968441811,817653,1243,58.28954312345577,2330.0,1236.0,1094.0,0.5304721030042918,0.4695278969957082,0.9943684633950121,85.77105266659274,58.24247722846394,27.528575438128797,0.6790458484270067,0.32095415157299334,0.9991925499417255,True,,2330.0,1.0,,0.0
18,336,fixed_dR,0.2,,0.2,,,full,58.52124786376953,-1.223228701468294,-0.5792594968441811,817653,1243,58.28954312345577,2717.0,1236.0,1481.0,0.45491350754508647,0.5450864924549135,0.9943684633950121,97.62177859727889,58.24247722846394,39.37930136881495,0.5966135637492614,0.40338643625073856,0.9991925499417255,True,,2717.0,1.0,,0.0
18,338,dbscan,0.04,0.04,,2.0,0.4,full,345.1404113769531,-4.642530926331709,2.7128185385910886,817653,0,0.0,,,,,,,,,,,,,False,target_has_no_calo_hits,,,,
18,338,dbscan,0.06,0.06,,2.0,0.4,full,345.1404113769531,-4.642530926331709,2.7128185385910886,817653,0,0.0,,,,,,,,,,,,,False,target_has_no_calo_hits,,,,
18,338,dbscan,0.08,0.08,,2.0,0.4,full,345.1404113769531,-4.642530926331709,2.7128185385910886,817653,0,0.0,,,,,,,,,,,,,False,target_has_no_calo_hits,,,,
18,338,dbscan,0.1,0.1,,2.0,0.4,full,345.1404113769531,-4.642530926331709,2.7128185385910886,817653,0,0.0,,,,,,,,,,,,,False,target_has_no_calo_hits,,,,
18,338,fixed_dR,0.05,,0.05,,,full,345.1404113769531,-4.642530926331709,2.7128185385910886,817653,0,0.0,,,,,,,,,,,,,False,target_has_no_calo_hits,,,,
18,338,fixed_dR,0.08,,0.08,,,full,345.1404113769531,-4.642530926331709,2.7128185385910886,817653,0,0.0,,,,,,,,,,,,,False,target_has_no_calo_hits,,,,
18,338,fixed_dR,0.1,,0.1,,,full,345.1404113769531,-4.642530926331709,2.7128185385910886,817653,0,0.0,,,,,,,,,,,,,False,target_has_no_calo_hits,,,,
18,338,fixed_dR,0.15,,0.15,,,full,345.1404113769531,-4.642530926331709,2.7128185385910886,817653,0,0.0,,,,,,,,,,,,,False,target_has_no_calo_hits,,,,
18,338,fixed_dR,0.2,,0.2,,,full,345.1404113769531,-4.642530926331709,2.7128185385910886,817653,0,0.0,,,,,,,,,,,,,False,target_has_no_calo_hits,,,,
19,556,dbscan,0.04,0.04,,2.0,0.4,full,25.62557029724121,0.341192555513229,1.4950941407433456,619392,649,24.999871718182476,2652.0,646.0,2006.0,0.24358974358974358,0.7564102564102564,0.9953775038520801,65.1228415512378,24.96643835388568,40.15640319735212,0.38337452358006235,0.6166254764199377,0.9986626585658644,True,,3270.0,7.0,2.0,1.0
19,556,dbscan,0.06,0.06,,2.0,0.4,full,25.62557029724121,0.341192555513229,1.4950941407433456,619392,649,24.999871718182476,3256.0,647.0,2609.0,0.1987100737100737,0.8012899262899262,0.9969183359013868,76.1662062007963,24.985244384743055,51.18096181605324,0.3280358262675533,0.6719641737324467,0.9994149036601343,True,,3270.0,2.0,0.0,0.0
19,556,dbscan,0.08,0.08,,2.0,0.4,full,25.62557029724121,0.341192555513229,1.4950941407433456,619392,649,24.999871718182476,3270.0,647.0,2623.0,0.19785932721712537,0.8021406727828746,0.9969183359013868,76.4715655368127,24.985244384743055,51.48632115206965,0.3267259432882329,0.6732740567117671,0.9994149036601343,True,,3270.0,1.0,0.0,0.0
19,556,dbscan,0.1,0.1,,2.0,0.4,full,25.62557029724121,0.341192555513229,1.4950941407433456,619392,649,24.999871718182476,3270.0,647.0,2623.0,0.19785932721712537,0.8021406727828746,0.9969183359013868,76.4715655368127,24.985244384743055,51.48632115206965,0.3267259432882329,0.6732740567117671,0.9994149036601343,True,,3270.0,1.0,0.0,0.0
19,556,fixed_dR,0.05,,0.05,,,full,25.62557029724121,0.341192555513229,1.4950941407433456,619392,649,24.999871718182476,116.0,52.0,64.0,0.4482758620689655,0.5517241379310345,0.08012326656394453,1.5769577551964176,0.5774366495188588,0.9995211056775588,0.3661712862098429,0.633828713790157,0.023097584500759157,True,,116.0,1.0,,0.0
19,556,fixed_dR,0.08,,0.08,,,full,25.62557029724121,0.341192555513229,1.4950941407433456,619392,649,24.999871718182476,646.0,573.0,73.0,0.8869969040247678,0.11300309597523217,0.8828967642526965,25.2939240906926,24.04693336352466,1.2469907271679403,0.950699989345394,0.049300010654605986,0.9618822702212211,True,,646.0,1.0,,0.0
19,556,fixed_dR,0.1,,0.1,,,full,25.62557029724121,0.341192555513229,1.4950941407433456,619392,649,24.999871718182476,774.0,630.0,144.0,0.813953488372093,0.18604651162790697,0.9707241910631741,27.123837818635366,24.779822448044797,2.3440153705905686,0.913580984141554,0.08641901585844602,0.9911979840289485,True,,774.0,1.0,,0.0
19,556,fixed_dR,0.15,,0.15,,,full,25.62557029724121,0.341192555513229,1.4950941407433456,619392,649,24.999871718182476,1012.0,645.0,367.0,0.6373517786561265,0.36264822134387353,0.9938366718027735,31.150455681663516,24.955949148579748,6.194506533083768,0.801142346154181,0.198857653845819,0.9982430882006973,True,,1012.0,1.0,,0.0
19,556,fixed_dR,0.2,,0.2,,,full,25.62557029724121,0.341192555513229,1.4950941407433456,619392,649,24.999871718182476,1304.0,647.0,657.0,0.49616564417177916,0.5038343558282208,0.9969183359013868,36.7153813002551,24.985244384743055,11.730136915512048,0.6805116411679335,0.3194883588320665,0.9994149036601343,True,,1304.0,1.0,,0.0
19,611,dbscan,0.04,0.04,,2.0,0.4,full,84.72447967529297,0.11913170261373965,-1.8789665625749856,619392,1515,83.562329559512,3646.0,1513.0,2133.0,0.4149753154141525,0.5850246845858476,0.9986798679867986,119.68854749256934,83.53052576321716,36.158021729352186,0.6978990681493816,0.30210093185061837,0.9996194003151601,True,,3899.0,8.0,2.0,0.0
19,611,dbscan,0.06,0.06,,2.0,0.4,full,84.72447967529297,0.11913170261373965,-1.8789665625749856,619392,1515,83.562329559512,3893.0,1513.0,2380.0,0.388646288209607,0.611353711790393,0.9986798679867986,123.56619013239651,83.53052576321716,40.03566436917936,0.6759982295619646,0.32400177043803535,0.9996194003151601,True,,3899.0,2.0,1.0,0.0
19,611,dbscan,0.08,0.08,,2.0,0.4,full,84.72447967529297,0.11913170261373965,-1.8789665625749856,619392,1515,83.562329559512,3898.0,1513.0,2385.0,0.38814776808619805,0.611852231913802,0.9986798679867986,123.65306352608059,83.53052576321716,40.12253776286343,0.6755233019002325,0.32447669809976754,0.9996194003151601,True,,3899.0,1.0,1.0,0.0
19,611,dbscan,0.1,0.1,,2.0,0.4,full,84.72447967529297,0.11913170261373965,-1.8789665625749856,619392,1515,83.562329559512,3899.0,1513.0,2386.0,0.3880482174916645,0.6119517825083355,0.9986798679867986,123.66857976253414,83.53052576321716,40.13805399931698,0.6754385465055939,0.3245614534944061,0.9996194003151601,True,,3899.0,1.0,0.0,0.0
19,611,fixed_dR,0.05,,0.05,,,full,84.72447967529297,0.11913170261373965,-1.8789665625749856,619392,1515,83.562329559512,201.0,165.0,36.0,0.8208955223880597,0.17910447761194026,0.10891089108910891,2.672095997750148,2.158425036850531,0.5136709608996171,0.8077647804075461,0.19223521959245393,0.025830120440973693,True,,201.0,1.0,,0.0
19,611,fixed_dR,0.08,,0.08,,,full,84.72447967529297,0.11913170261373965,-1.8789665625749856,619392,1515,83.562329559512,1419.0,1297.0,122.0,0.9140239605355884,0.08597603946441157,0.856105610561056,82.8495922480397,81.10112870144803,1.7484635465916654,0.9788959305755299,0.021104069424470073,0.9705465265145448,True,,1419.0,1.0,,0.0
19,611,fixed_dR,0.1,,0.1,,,full,84.72447967529297,0.11913170261373965,-1.8789665625749856,619392,1515,83.562329559512,1641.0,1445.0,196.0,0.8805606337599025,0.11943936624009754,0.9537953795379538,85.40437542659674,82.73950109200996,2.6648743345867842,0.9687969811701604,0.031203018829839557,0.9901531171780458,True,,1641.0,1.0,,0.0
19,611,fixed_dR,0.15,,0.15,,,full,84.72447967529297,0.11913170261373965,-1.8789665625749856,619392,1515,83.562329559512,1873.0,1506.0,367.0,0.804057661505606,0.19594233849439402,0.994059405940594,89.54489707289213,83.46737926131027,6.077517811581856,0.9321288201757094,0.06787117982429058,0.9988637188706653,True,,1873.0,1.0,,0.0
19,611,fixed_dR,0.2,,0.2,,,full,84.72447967529297,0.11913170261373965,-1.8789665625749856,619392,1515,83.562329559512,2210.0,1510.0,700.0,0.6832579185520362,0.3167420814479638,0.9966996699669967,95.33454079972216,83.4900415528864,11.844499246835767,0.875758574515835,0.12424142548416495,0.9991349211180844,True,,2210.0,1.0,,0.0
